Date,wTemp,Temp,Hum,Co2,CoTemp,Gas,Current
2021-12-31 18:30,17.5,17.9,14.3,500,44,87,-0.5759
2021-12-31 18:30,17.5,17.9,14.3,500,44,88,1.05595
2021-12-31 18:30,17.4375,17.9,14.3,500,40,81,1.0576
2021-12-31 18:31,17.5,17.9,14.3,500,40,75,0.8464
2021-12-31 18:31,17.5,17.9,14.3,500,38,60,-0.58085
2021-12-31 18:31,17.4375,17.9,14.3,500,38,62,-0.90755
2021-12-31 18:31,17.4375,17.9,14.3,500,38,57,1.05925
2021-12-31 18:31,17.4375,17.9,14.3,500,37,55,-0.5726
2021-12-31 18:31,17.4375,17.9,14.2,500,37,51,1.0378
2021-12-31 18:31,17.5,17.9,14.2,500,37,43,-0.5495
2021-12-31 18:31,17.4375,17.9,14.2,500,37,49,1.03945
2021-12-31 18:31,17.4375,17.9,14.2,500,37,49,1.0576
2021-12-31 18:31,17.4375,17.9,14.1,500,42,41,-0.57425
2021-12-31 18:31,17.375,17.9,14.2,500,42,40,-0.5528
2021-12-31 18:31,17.4375,17.9,14.2,500,39,46,1.0576
2021-12-31 18:31,17.4375,17.9,14.2,500,39,46,1.0642
2021-12-31 18:31,17.4375,17.9,14.2,500,39,45,0.2062
2021-12-31 18:31,17.4375,17.9,14.2,500,38,45,1.0543
2022-01-01 17:41,23.9375,23.4,15.4,500,45,46,1.01635
2022-01-01 17:41,23.9375,23.5,15.5,402,45,46,1.00975
2022-01-01 17:41,23.9375,23.5,15.4,402,45,46,1.02295
2022-01-01 17:42,24,23.5,15.4,402,45,46,-0.3251
2022-01-01 17:42,23.9375,23.5,15.4,402,45,38,-0.6287
2022-01-01 17:42,23.9375,23.5,15.4,402,45,38,-0.6221
2022-01-01 17:42,23.9375,23.5,15.3,401,45,46,1.0114
2022-01-01 17:42,23.9375,23.5,15.3,401,45,38,-0.6056
2022-01-01 17:42,24,23.5,15.3,401,45,46,1.0081
2022-01-01 17:42,23.9375,23.5,15.3,401,45,38,-0.59405
2022-01-01 17:42,23.9375,23.5,15.3,401,45,46,1.01965
2022-01-01 17:42,23.9375,23.5,15.3,401,45,38,-0.60065
2022-01-01 17:42,23.9375,23.5,15.3,401,45,45,1.02295
2022-01-01 17:42,24,23.5,15.3,403,44,45,1.0213
2022-01-01 17:42,23.9375,23.5,15.3,403,44,38,-0.6221
2022-01-01 17:42,23.9375,23.5,15.3,403,44,45,1.01305
2022-01-01 17:42,24,23.5,15.3,404,45,45,0.2227
2022-01-01 17:42,23.9375,23.5,15.3,404,45,45,1.0147
2022-01-01 17:49,23.9375,23.6,14.7,3507,43,37,-0.5792
2022-01-01 17:49,23.9375,23.6,14.7,3507,43,37,-0.6155
2022-01-03 23:45,25.125,24.1,15.7,2661,46,33,-1.12205
2022-01-03 23:45,25.75,24.1,15.7,2661,46,33,-1.1336
2022-01-04 0:56,23.5,24.2,15.5,404,44,32,-0.9983
2022-01-04 0:56,23.5,24.2,14.1,404,44,41,-0.17825
2022-01-04 0:56,23.5,24.2,15.3,403,44,41,0.71935
2022-01-04 0:56,23.5,24.2,15.3,403,44,32,-1.0115
2022-01-04 0:56,23.5,24.2,15.3,403,44,41,-4.70915
2022-01-04 0:56,23.5,24.2,15.4,407,40,32,0.71935
2022-01-04 0:56,23.5,24.2,15.3,407,40,41,0.7111
2022-01-04 0:56,23.5,24.2,15.5,403,42,32,-1.0115
2022-01-04 0:56,23.5,24.2,15.5,403,42,41,0.7243
2022-01-04 0:56,23.5,24.2,15.5,403,40,38,-3.67625
2022-01-04 0:56,23.5,24.2,15.5,403,40,41,0.70945
2022-01-04 0:56,23.5,24.2,15.5,403,40,41,0.7045
2022-01-04 0:56,23.5,24.2,15.5,401,42,41,-0.43235
2022-01-04 0:56,23.5,24.2,15.5,401,42,32,-1.0148
2022-01-04 0:56,23.5,24.1,15.5,402,43,39,-3.55745
2022-01-04 0:56,23.5,24.2,15.5,402,43,41,0.688
2022-01-04 0:56,23.5,24.2,15.5,402,43,32,-1.0544
2022-01-04 0:56,23.5,24.2,15.5,400,43,41,0.6847
2022-01-04 0:56,23.5,24.2,15.5,400,43,41,0.70615
2022-01-04 0:56,23.5,24.2,15.5,401,43,40,-2.7077
2022-01-04 0:56,23.5,24.2,15.5,401,43,32,-1.05275
2022-01-04 0:56,23.5,24.2,15.5,401,43,41,0.7111
2022-01-04 0:56,23.5,24.2,15.5,403,44,41,0.7144
2022-01-04 0:56,23.5,24.2,15.5,403,44,41,0.6946
2022-01-04 0:56,23.4375,24.2,15.5,400,44,40,-2.32655
2022-01-04 0:56,23.6875,24.2,15.5,400,44,41,-0.2954
2022-01-04 0:57,24.4375,24.2,15.5,400,44,32,-1.0544
2022-01-04 0:57,25.125,24.1,15.4,404,44,41,0.67645
2022-01-04 0:57,25.75,24.2,15.5,404,44,41,0.69295
2022-01-04 0:57,25.9375,24.2,15.4,402,44,31,-2.14835
2022-01-04 0:57,26.0625,24.2,15.4,402,44,41,0.68305
2022-01-04 0:57,26.125,24.2,15.4,402,44,41,0.6748
2022-01-04 0:57,26.0625,24.2,15.4,400,44,41,0.7111
2022-01-04 0:57,26,24.2,15.4,400,44,32,-1.0247
2022-01-04 0:57,25.9375,24.2,15.4,401,44,40,-1.99985
2022-01-04 0:57,25.9375,24.2,15.4,401,44,41,0.7177
2022-01-04 0:57,25.875,24.2,15.5,401,44,41,0.25405
2022-01-04 0:57,25.875,24.2,15.4,401,44,32,-1.07915
2022-01-04 0:57,25.75,24.2,15.4,401,44,41,-0.10895
2022-01-04 0:57,25.75,24.2,15.4,403,44,41,0.7243
2022-01-04 0:57,25.75,24.2,15.4,403,44,32,0.7276
2022-01-04 0:57,25.6875,24.2,15.4,403,44,41,0.721
2022-01-04 0:57,25.625,24.2,15.4,400,44,32,0.7111
2022-01-04 0:57,25.625,24.2,15.4,400,44,41,0.68635
2022-01-04 0:57,25.5625,24.2,15.4,404,44,32,-1.01645
2022-01-04 0:57,25.5625,24.2,15.4,404,44,41,0.721
2022-01-04 0:57,25.5,24.2,15.4,404,44,41,0.71935
2022-01-04 0:57,25.5,24.2,15.4,402,44,41,0.70945
2022-01-04 0:57,25.4375,24.2,15.4,402,44,41,0.71275
2022-01-04 0:57,25.4375,24.2,15.4,403,44,41,-0.40265
2022-01-04 0:57,25.375,24.2,15.4,403,44,32,-1.00985
2022-01-04 0:57,25.375,24.2,15.4,403,44,41,0.27715
2022-01-04 0:57,25.3125,24.2,15.4,400,44,41,0.721
2022-01-04 0:57,25.3125,24.2,15.4,400,44,32,-1.00985
2022-01-04 0:57,25.3125,24.2,15.4,403,44,32,0.72595
2022-01-04 0:57,25.3125,24.2,15.4,403,44,41,0.7177
2022-01-04 0:58,25.25,24.2,15.4,403,44,41,0.7144
2022-01-04 0:58,25.25,24.2,15.4,400,44,32,-1.03295
2022-01-04 0:58,25.25,24.2,15.4,400,44,41,0.721
2022-01-04 0:58,25.25,24.2,15.4,403,44,41,0.70615
2022-01-04 0:58,25.1875,24.2,15.4,403,44,41,0.6088
2022-01-04 0:58,25.125,24.2,15.4,403,44,41,0.7177
2022-01-04 0:58,25.125,24.2,15.4,403,44,41,-0.14525
2022-01-04 0:58,25.125,24.2,15.4,403,44,32,-1.0115
2022-01-04 0:58,25.125,24.2,15.4,404,44,41,0.72265
2022-01-04 0:58,25.0625,24.2,15.4,404,44,41,0.72265
2022-01-04 0:58,25,24.2,15.4,404,44,32,0.70285
2022-01-04 0:58,25,24.2,15.4,404,44,41,0.70945
2022-01-04 0:58,25,24.2,15.4,404,44,32,-1.0214
2022-01-04 0:58,25,24.2,15.4,402,44,41,0.721
2022-01-04 0:58,24.9375,24.2,15.4,402,44,41,0.6814
2022-01-04 0:58,24.9375,24.2,15.4,402,44,41,0.71935
2022-01-04 0:58,24.875,24.2,15.4,400,44,41,0.7144
2022-01-04 0:58,24.875,24.2,15.4,400,44,41,0.0544
2022-01-04 0:58,24.9375,24.2,15.4,400,44,41,0.7243
2022-01-04 0:58,24.875,24.2,15.4,400,44,41,0.0115
2022-01-04 0:58,24.8125,24.2,15.4,400,44,41,0.72595
2022-01-04 0:58,24.8125,24.2,15.4,402,44,32,-1.0049
2022-01-04 0:58,24.75,24.2,15.4,402,44,41,0.7276
2022-01-04 0:58,24.8125,24.2,15.4,402,44,32,0.6913
2022-01-04 0:58,24.75,24.2,15.4,402,44,41,0.7276
2022-01-04 0:58,24.75,24.2,15.4,402,44,32,-1.2491
2022-01-04 0:58,24.6875,24.2,15.3,407,44,41,0.72925
2022-01-04 0:58,24.6875,24.2,15.4,407,44,41,0.72265
2022-01-04 0:58,24.75,24.2,15.4,408,44,41,0.7276
2022-01-04 0:58,24.6875,24.2,15.4,408,44,41,0.72265
2022-01-04 0:59,24.6875,24.2,15.4,408,44,41,-0.63365
2022-01-04 0:59,24.6875,24.2,15.4,409,44,32,-1.0016
2022-01-04 0:59,24.625,24.2,15.4,409,44,41,0.61705
2022-01-04 0:59,24.625,24.2,15.4,409,44,41,0.7309
2022-01-04 0:59,24.625,24.2,15.4,409,44,31,-1.0148
2022-01-04 0:59,24.5625,24.2,15.4,409,44,41,0.72265
2022-01-04 0:59,24.5625,24.2,15.4,413,44,41,0.72265
2022-01-04 0:59,24.5625,24.2,15.3,413,44,41,0.72595
2022-01-04 0:59,24.5625,24.2,15.3,416,44,32,-1.0115
2022-01-04 0:59,24.5625,24.2,15.3,416,44,41,0.72265
2022-01-04 0:59,24.5,24.2,15.3,416,44,41,0.6979
2022-01-04 0:59,24.5,24.2,15.4,416,44,41,0.6055
2022-01-04 0:59,24.5,24.2,15.3,416,44,32,-1.028
2022-01-04 0:59,24.4375,24.2,15.3,404,44,41,-0.2591
2022-01-04 0:59,24.4375,24.2,15.3,404,44,41,0.721
2022-01-04 0:59,24.4375,24.2,15.3,404,44,41,-4.7471
2022-01-04 0:59,24.375,24.2,15.3,404,40,32,0.4009
2022-01-04 0:59,24.375,24.2,15.4,404,40,32,0.72265
2022-01-04 0:59,24.375,24.2,15.4,401,42,41,0.7177
2022-01-04 0:59,24.375,24.2,15.4,401,42,32,-1.0181
2022-01-04 0:59,24.4375,24.2,15.4,401,40,38,-4.3181
2022-01-04 0:59,24.375,24.2,15.4,401,40,41,0.7177
2022-01-04 0:59,24.375,24.2,15.4,401,40,41,0.7243
2022-01-04 0:59,24.3125,24.2,15.4,402,42,41,0.7078
2022-01-04 0:59,24.3125,24.2,15.4,402,42,41,0.05275
2022-01-04 0:59,24.375,24.2,15.4,402,43,39,-3.2522
2022-01-04 0:59,24.375,24.2,15.4,402,43,41,0.0973
2022-01-04 0:59,24.3125,24.2,15.4,402,43,41,0.71605
2022-01-04 0:59,24.3125,24.2,15.4,401,44,32,0.7111
2022-01-04 0:59,24.3125,24.2,15.4,401,44,41,0.71275
2022-01-04 1:00,24.3125,24.2,15.4,401,44,40,-2.7704
2022-01-04 1:00,24.25,24.2,15.4,401,44,32,0.7111
2022-01-04 1:00,24.3125,24.2,15.4,401,44,32,-1.02305
2022-01-04 1:00,24.3125,24.2,15.4,400,44,41,0.7144
2022-01-04 1:00,24.25,24.2,15.4,400,44,41,0.71935
2022-01-04 1:00,24.25,24.2,15.4,404,44,40,-2.3447
2022-01-04 1:00,24.1875,24.2,15.3,404,44,32,-1.00985
2022-01-04 1:00,24.1875,24.2,15.3,404,44,41,-0.6386
2022-01-04 1:00,24.1875,24.2,15.3,402,44,32,-1.01315
2022-01-04 1:00,24.125,24.2,15.3,402,44,41,0.6121
2022-01-04 1:00,24.1875,24.2,15.3,402,44,40,-2.13845
2022-01-04 1:00,24.125,24.2,15.3,402,44,32,-1.01315
2022-01-04 1:00,24.125,24.2,15.3,402,44,41,0.69295
2022-01-04 1:00,24.125,24.2,15.3,400,44,41,0.7276
2022-01-04 1:00,24.125,24.2,15.3,400,44,41,0.71935
2022-01-04 1:00,24.125,24.2,15.3,401,44,31,-3.6548
2022-01-04 1:00,24.125,24.2,15.3,401,44,41,0.7342
2022-01-04 1:00,24.0625,24.3,15.4,401,44,41,0.721
2022-01-04 1:00,24.0625,24.2,15.3,401,44,41,0.4999
2022-01-04 1:00,24.0625,24.3,15.4,401,44,32,-0.99335
2022-01-04 1:00,24.0625,24.2,15.3,404,44,40,-0.19805
2022-01-04 1:00,24,24.2,15.3,404,44,32,-0.99665
2022-01-04 1:00,24,24.2,15.2,404,44,41,0.72265
2022-01-04 1:00,24,24.2,15.3,402,44,41,0.72265
2022-01-04 1:00,24,24.2,15.3,402,44,32,0.71935
2022-01-04 1:00,24,24.2,15.3,403,44,41,0.7243
2022-01-04 1:00,24,24.3,15.3,403,44,32,-1.0082
2022-01-04 1:00,24,24.2,15.3,403,44,41,0.7309
2022-01-04 1:00,24,24.2,15.3,408,44,41,0.71605
2022-01-04 1:00,24,24.2,15.3,408,44,41,0.72595
2022-01-04 1:01,23.9375,24.3,15.4,417,44,41,0.71935
2022-01-04 1:01,24,24.2,15.3,417,44,32,-0.98675
2022-01-04 1:01,23.9375,24.2,15.3,417,44,41,0.721
2022-01-04 1:01,23.875,24.2,15.4,440,44,41,-1.17815
2022-01-04 1:01,23.9375,24.2,15.4,440,44,41,0.7144
2022-01-04 1:01,23.875,24.3,15.4,489,44,32,0.7243
2022-01-04 1:01,23.875,24.2,15.3,489,44,32,-0.99335
2022-01-04 1:01,23.875,24.2,15.3,489,44,41,0.7243
2022-01-04 1:01,23.875,24.2,15.3,514,44,41,0.72265
2022-01-04 1:01,23.8125,24.2,15.3,514,44,32,-0.99665
2022-01-04 1:01,23.875,24.2,15.3,533,44,41,0.73585
2022-01-04 1:01,23.875,24.2,15.3,533,44,32,-1.0016
2022-01-04 1:01,23.8125,24.2,15,533,44,41,0.72265
2022-01-04 1:01,23.875,24.3,15.3,540,44,41,0.7243
2022-01-04 1:01,23.8125,24.2,15.2,540,44,41,-0.70295
2022-01-04 1:01,23.875,24.3,15.3,536,44,32,-1.0445
2022-01-04 1:01,23.8125,24.2,15.1,536,44,41,-1.1402
2022-01-04 1:01,23.8125,24.2,15.3,536,44,41,0.71275
2022-01-04 1:01,23.8125,24.3,15.3,-1,-1,32,0.7243
2022-01-04 1:01,23.8125,24.2,15.3,-1,44,40,-2.0576
2022-01-04 1:01,23.75,24.2,15.3,555,44,32,-1.02305
2022-01-04 1:01,23.75,24.3,15.4,555,44,41,0.7177
2022-01-04 1:01,23.6875,24.3,15.4,555,44,40,-2.0147
2022-01-04 1:01,23.6875,24.3,15.4,555,44,41,0.48505
2022-01-04 1:01,23.6875,24.3,15.4,555,44,32,-0.99995
2022-01-04 1:01,23.6875,24.2,15.3,552,44,41,-0.28385
2022-01-04 1:01,23.6875,24.3,15.4,552,44,41,0.72265
2022-01-04 1:01,23.6875,24.2,15.3,555,44,41,0.72265
2022-01-04 1:01,23.625,24.2,15.3,555,44,41,0.72595
2022-01-04 1:01,23.6875,24.3,15.3,555,44,32,0.7243
2022-01-04 1:02,23.6875,24.3,15.3,555,44,41,0.7243
2022-01-04 1:02,23.6875,24.2,15.3,555,44,32,-0.9752
2022-01-04 1:02,23.6875,24.3,15.3,557,44,41,0.721
2022-01-04 1:02,23.625,24.3,15.3,557,44,41,0.72595
2022-01-04 1:02,23.6875,24.2,15.2,557,44,32,-1.00655
2022-01-04 1:02,23.6875,24.3,15.3,558,44,41,0.7309
2022-01-04 1:02,23.6875,24.3,15.3,558,44,41,-0.18485
2022-01-04 1:02,23.6875,24.3,15.3,560,44,41,0.72265
2022-01-04 1:02,23.625,24.3,15.3,560,44,41,0.2821
2022-01-04 1:02,23.625,24.3,15.3,560,44,41,0.7177
2022-01-04 1:02,23.625,24.3,15.3,586,44,32,0.721
2022-01-04 1:02,23.625,24.3,15.3,586,44,41,0.7243
2022-01-04 1:02,23.625,24.3,15.3,584,44,41,0.721
2022-01-04 1:02,23.625,24.3,15.3,584,44,41,0.72595
2022-01-04 1:02,23.625,24.3,15.3,584,44,32,-1.0016
2022-01-04 1:02,23.625,24.3,15.3,584,44,41,0.721
2022-01-04 1:02,23.625,24.3,15.3,584,44,41,0.721
2022-01-04 1:02,23.625,24.3,15.3,594,44,41,0.70615
2022-01-04 1:02,23.5625,24.3,15.3,594,44,41,0.70945
2022-01-04 1:02,23.5625,24.2,15.2,594,44,41,-0.62375
2022-01-04 1:02,23.5625,24.3,15.3,631,44,32,-1.01645
2022-01-04 1:02,23.625,24.3,15.3,631,44,41,0.71935
2022-01-04 1:02,23.625,24.3,15.3,651,44,41,0.7144
2022-01-04 1:02,23.5625,24.3,15.3,651,44,32,0.7144
2022-01-04 1:02,23.5625,24.3,15.3,651,44,41,0.71935
2022-01-04 1:02,23.5625,24.3,15.3,653,44,41,0.7276
2022-01-04 1:02,23.5625,24.3,15.3,653,44,41,0.7078
2022-01-04 1:02,23.5625,24.3,15.3,657,44,32,-1.0148
2022-01-04 1:02,23.5625,24.3,15.3,657,44,41,0.7276
2022-01-04 1:02,23.5,24.3,15.3,657,44,41,0.7177
2022-01-04 1:03,23.5,24.3,15.3,661,44,41,0.26725
2022-01-04 1:03,23.5625,24.3,15.3,661,44,32,-1.01645
2022-01-04 1:03,23.5625,24.3,15.3,660,44,41,-0.1964
2022-01-04 1:03,23.5625,24.3,15.3,660,44,41,0.64675
2022-01-04 1:03,23.5,24.3,15.3,660,44,32,0.7078
2022-01-04 1:03,23.5,24.3,15.3,678,44,41,0.72595
2022-01-04 1:03,23.5,24.3,15.3,678,44,32,0.7243
2022-01-04 1:03,23.5,24.3,15.3,673,44,41,0.72265
2022-01-04 1:03,23.5,24.3,15.3,673,44,32,-0.99995
2022-01-04 1:03,23.5,24.3,15.3,673,44,41,0.72595
2022-01-04 1:03,23.5,24.3,15.3,677,44,41,0.7243
2022-01-04 1:03,23.5,24.3,15.2,677,44,41,0.721
2022-01-04 1:03,23.5625,24.3,15.2,708,44,41,0.7276
2022-01-04 1:03,23.5,24.3,15.2,708,44,41,-0.38945
2022-01-04 1:03,23.5,24.3,15.2,708,44,41,0.721
2022-01-04 1:03,23.5,24.3,15.2,716,44,41,0.2953
2022-01-04 1:03,23.5,24.3,15.2,716,44,41,0.71275
2022-01-04 1:03,23.5,24.4,15.3,717,44,32,-1.02635
2022-01-04 1:03,23.5,24.4,15.3,717,44,41,0.7144
2022-01-04 1:03,23.5,24.3,15.2,717,44,41,0.72595
2022-01-04 1:03,23.5,24.3,15.3,717,44,41,0.72595
2022-01-04 1:03,23.5,24.4,15.3,717,44,32,-1.0214
2022-01-04 1:03,23.5,24.4,15.3,725,44,41,0.7045
2022-01-04 1:03,23.5,24.3,15.2,725,44,41,0.6979
2022-01-04 1:03,23.5,24.4,15.3,725,44,41,0.70285
2022-01-04 1:03,23.5,24.4,15.3,712,44,41,0.6946
2022-01-04 1:03,23.4375,24.4,15.3,712,44,41,-0.3218
2022-01-04 1:03,23.4375,24.3,15.2,683,44,32,-0.9917
2022-01-04 1:03,23.5,24.4,15.3,683,44,41,0.68635
2022-01-04 1:03,23.5,24.4,15.3,683,44,41,-3.59705
2022-01-04 1:04,23.4375,24.4,15.3,713,41,32,0.6946
2022-01-04 1:04,23.4375,24.4,15.3,713,41,41,0.67975
2022-01-04 1:04,23.4375,24.4,15.3,538,42,41,0.68305
2022-01-04 1:04,23.4375,24.4,15.3,538,42,41,0.7012
2022-01-04 1:04,23.4375,24.4,15.3,427,40,38,-3.6944
2022-01-04 1:04,23.4375,24.3,15.3,427,40,41,0.7111
2022-01-04 1:04,23.375,24.4,15.3,427,40,41,0.7243
2022-01-04 1:04,23.4375,24.4,15.3,404,42,41,0.2722
2022-01-04 1:04,23.375,24.4,15.3,404,42,32,-1.02965
2022-01-04 1:04,23.4375,24.4,15.3,401,43,39,-3.932
2022-01-04 1:04,23.4375,24.4,15.3,401,43,41,0.7078
2022-01-04 1:04,23.4375,24.4,15.3,401,43,32,0.7078
2022-01-04 1:04,23.4375,24.4,15.3,400,44,41,0.69295
2022-01-04 1:04,23.4375,24.4,15.3,400,44,32,0.721
2022-01-04 1:04,23.4375,24.4,15.3,402,44,40,-2.73905
2022-01-04 1:04,23.4375,24.4,15.3,402,44,32,-1.02305
2022-01-04 1:04,23.4375,24.4,15.3,402,44,41,0.70285
2022-01-04 1:04,23.375,24.4,15.3,403,44,41,0.68635
2022-01-04 1:04,23.4375,24.4,15.3,403,44,41,0.6649
2022-01-04 1:04,23.4375,24.4,15.3,401,44,40,-2.36615
2022-01-04 1:04,23.4375,24.4,15.3,401,44,41,-0.4043
2022-01-04 1:04,23.375,24.3,15.2,401,44,32,-0.98015
2022-01-04 1:04,23.4375,24.4,15.3,403,44,41,0.2425
2022-01-04 1:04,23.375,24.3,15.2,403,44,41,0.72925
2022-01-04 1:04,23.375,24.4,15.3,400,44,31,-3.6944
2022-01-04 1:04,23.375,24.4,15.3,400,44,41,0.72265
2022-01-04 1:04,23.4375,24.4,15.3,400,44,41,0.721
2022-01-04 1:04,23.375,24.4,15.3,404,44,41,0.71605
2022-01-04 1:04,23.4375,24.4,15.3,404,44,32,-1.0214
2022-01-04 1:04,23.375,24.4,15.3,401,44,40,-2.018
2022-01-04 1:05,23.375,24.4,15.3,401,44,41,0.7012
2022-01-04 1:05,23.375,24.4,15.3,401,44,41,0.58405
2022-01-04 1:05,23.4375,24.4,15.3,403,44,41,0.7177
2022-01-04 1:05,23.375,24.4,15.3,403,44,41,-0.17165
2022-01-04 1:05,23.375,24.4,15.3,404,44,31,-1.0016
2022-01-04 1:05,23.375,24.4,15.3,404,44,41,0.71275
2022-01-04 1:05,23.375,24.4,15.3,404,44,41,0.7243
2022-01-04 1:05,23.375,24.4,15.3,403,44,32,0.7276
2022-01-04 1:05,23.375,24.4,15.3,403,44,41,0.73255
2022-01-04 1:05,23.375,24.4,15.3,401,44,32,-1.01645
2022-01-04 1:05,23.375,24.4,15.3,401,44,41,0.73585
2022-01-04 1:05,23.375,24.4,15.3,401,44,32,-1.0313
2022-01-04 1:05,23.375,24.3,15.2,449,44,41,0.73255
2022-01-04 1:05,23.375,24.4,15.3,449,44,41,0.72265
2022-01-04 1:05,23.3125,24.3,15.2,536,44,41,0.0412
2022-01-04 1:05,23.3125,24.4,15.3,536,44,41,0.688
2022-01-04 1:05,23.3125,24.4,15.3,536,44,41,0.03955
2022-01-04 1:05,23.3125,24.4,15.3,622,44,41,0.71275
2022-01-04 1:05,23.375,24.4,15.3,622,44,32,-0.98675
2022-01-04 1:05,23.375,24.4,15.3,704,45,41,0.71935
2022-01-04 1:05,23.3125,24.4,15.3,704,45,32,0.72265
2022-01-04 1:05,23.375,24.4,15.3,704,45,32,-1.00985
2022-01-04 1:05,23.3125,24.3,15,768,44,32,-1.0049
2022-01-04 1:05,23.375,24.3,15.2,768,44,41,0.73585
2022-01-04 1:05,23.3125,24.4,15.2,828,44,41,0.72595
2022-01-04 1:05,23.3125,24.3,15.2,828,44,41,0.71605
2022-01-04 1:05,23.375,24.3,15.2,828,44,41,0.7309
2022-01-04 1:05,23.3125,24.4,15.3,850,44,41,-0.71615
2022-01-04 1:05,23.3125,24.4,15.3,850,44,32,-1.0115
2022-01-04 1:05,23.3125,24.3,15.2,850,44,41,0.6187
2022-01-04 1:06,23.3125,24.4,15.3,850,44,41,0.73585
2022-01-04 1:06,23.25,24.4,15.3,850,44,32,-0.99335
2022-01-04 1:06,23.25,24.3,15.2,844,44,41,0.7177
2022-01-04 1:06,23.3125,24.4,15.3,844,44,41,0.72925
2022-01-04 1:06,23.375,24.4,15.3,845,44,41,0.7276
2022-01-04 1:06,23.3125,24.4,15.3,845,44,32,-1.01645
2022-01-04 1:06,23.25,24.3,15.2,845,44,41,0.73585
2022-01-04 1:06,23.3125,24.3,15.2,843,44,41,0.73255
2022-01-04 1:06,23.3125,24.3,15.2,843,44,32,-0.99995
2022-01-04 1:06,23.3125,24.3,15.2,848,44,32,-1.0082
2022-01-04 1:06,23.25,24.3,15.2,848,44,41,-0.25085
2022-01-04 1:06,23.25,24.4,15.3,848,44,41,0.72925
2022-01-04 1:06,23.3125,24.3,15.3,842,44,32,-0.99005
2022-01-04 1:06,23.25,24.3,15.2,842,44,41,0.7309
2022-01-04 1:06,23.3125,24.3,15.3,841,44,32,0.7342
2022-01-04 1:06,23.3125,24.3,15.3,841,44,41,0.7375
2022-01-04 1:06,23.3125,24.3,15.3,841,44,32,-0.99995
2022-01-04 1:06,23.25,24.3,15.3,841,44,41,0.73585
2022-01-04 1:06,23.25,24.4,15.3,841,44,41,0.7309
2022-01-04 1:06,23.3125,24.3,15.2,402,45,41,0.72925
2022-01-04 1:06,23.25,24.3,15.2,402,45,41,0.73585
2022-01-04 1:06,23.3125,24.3,15.2,402,45,41,0.06595
2022-01-04 1:06,23.3125,24.3,15.2,400,45,41,0.72925
2022-01-04 1:06,23.25,24.3,15.2,400,45,41,0.08245
2022-01-04 1:06,23.25,24.3,15.2,402,45,41,0.7375
2022-01-04 1:06,23.25,24.3,15.3,402,45,32,0.7276
2022-01-04 1:06,23.25,24.3,15.2,402,45,41,0.7309
2022-01-04 1:06,23.25,24.3,15.2,404,45,41,0.72265
2022-01-04 1:06,23.3125,24.3,15.2,404,45,41,0.73255
2022-01-04 1:06,23.25,24.4,15.3,403,44,32,-0.99995
2022-01-04 1:07,23.25,24.3,15.2,403,44,41,0.73255
2022-01-04 1:07,23.25,24.4,15.3,403,44,41,0.7342
2022-01-04 1:07,23.25,24.3,15.3,401,44,41,0.7309
2022-01-04 1:07,23.25,24.4,15.3,401,44,41,0.73255
2022-01-04 1:07,23.3125,24.3,15.3,404,44,41,-0.65015
2022-01-04 1:07,23.25,24.3,15.3,404,44,32,-1.00655
2022-01-04 1:07,23.25,24.4,15.3,404,44,41,0.6088
2022-01-04 1:07,23.25,24.3,15.3,402,42,41,0.7342
2022-01-04 1:07,23.25,24.3,15.3,402,42,31,-1.028
2022-01-04 1:07,23.25,24.3,15.3,418,43,32,-0.9983
2022-01-04 1:07,23.3125,24.3,15.3,418,43,32,-0.98345
2022-01-04 1:07,23.25,24.3,15.2,418,44,30,-5.4632
2022-01-04 1:07,23.25,24.3,15.2,681,44,32,-1.00325
2022-01-04 1:07,23.25,24.3,15.2,681,44,32,-0.9851
2022-01-04 1:07,23.25,24.3,15.2,755,44,32,-0.9983
2022-01-04 1:07,23.25,24.3,15.2,755,44,32,-1.00655
2022-01-04 1:07,23.25,24.3,15.2,756,44,31,-4.79825
2022-01-04 1:07,23.25,24.3,15.2,756,44,32,-1.0082
2022-01-04 1:07,23.25,24.3,15.2,756,44,32,-0.99335
2022-01-04 1:07,23.25,24.3,15.2,760,44,32,-1.0016
2022-01-04 1:07,23.25,24.3,15.2,760,44,32,-0.9983
2022-01-04 1:07,23.1875,24.3,15.2,-1,-1,32,-0.98015
2022-01-04 1:07,23.1875,24.3,15.3,-1,-1,32,-0.98345
2022-01-04 1:07,23.25,24.3,15.2,826,45,32,-0.9983
2022-01-04 1:07,23.25,24.3,15.2,826,45,32,-1.00655
2022-01-04 1:07,23.25,24.3,15.2,826,45,32,-0.98345
2022-01-04 1:07,23.1875,24.3,15.2,846,45,32,-1.0148
2022-01-04 1:07,23.25,24.3,15.2,846,45,32,-0.98345
2022-01-04 1:07,23.25,24.3,15.2,854,45,32,-1.1336
2022-01-04 1:08,23.25,24.3,15.2,854,45,32,-0.9917
2022-01-04 1:08,23.25,24.3,15.2,854,45,32,-0.9851
2022-01-04 1:08,23.25,24.3,15.2,865,45,32,-1.0445
2022-01-04 1:08,23.25,24.3,15.2,865,45,32,-0.9851
2022-01-04 1:08,23.25,24.3,15.2,896,45,32,-0.99005
2022-01-04 1:08,23.25,24.3,15.2,896,45,32,-1.22765
2022-01-04 1:08,23.1875,24.3,15.2,896,45,32,-0.9983
2022-01-04 1:08,23.1875,24.3,15.2,901,45,32,-0.99005
2022-01-04 1:08,23.1875,24.3,15.2,901,45,32,-0.99005
2022-01-04 1:08,23.25,24.3,15.2,929,45,32,-1.00655
2022-01-04 1:08,23.1875,24.3,15.2,929,45,32,-0.99665
2022-01-04 1:08,23.1875,24.3,15.2,929,45,32,-1.01645
2022-01-04 1:08,23.1875,24.3,15.2,993,45,32,-1.1435
2022-01-04 1:08,23.1875,24.3,15.2,993,45,32,-1.0082
2022-01-04 1:08,23.1875,24.3,15.2,984,45,32,-1.0016
2022-01-04 1:08,23.1875,24.3,15.2,984,45,32,-0.9917
2022-01-04 1:08,23.25,24.3,15.2,984,45,32,-1.0082
2022-01-04 1:08,23.1875,24.3,15.2,987,45,32,-0.9917
2022-01-04 1:08,23.1875,24.3,15.2,987,45,32,-0.995
2022-01-04 1:22,23.0625,24.4,15.1,1051,42,41,0.7375
2022-01-04 1:22,23.0625,24.4,15.1,977,43,41,0.72265
2022-01-04 1:22,23.0625,24.5,15.2,977,43,41,0.73585
2022-01-04 1:22,23,24.4,15.2,905,44,38,-3.99635
2022-01-04 1:22,23,24.4,15.2,905,44,41,0.7342
2022-01-04 1:22,23,24.4,15.1,905,44,41,0.10555
2022-01-04 1:22,23,24.4,15.2,845,44,41,0.73255
2022-01-04 1:22,23,24.4,15.2,845,44,32,0.72925
2022-01-04 1:22,23,24.4,15.1,838,44,39,-2.99315
2022-01-04 1:22,23.0625,24.4,15.2,838,44,32,0.7111
2022-01-04 1:22,23.0625,24.4,15.1,838,44,41,0.72925
2022-01-04 1:22,23,24.5,15.2,584,44,32,-1.00655
2022-01-04 1:22,23,24.4,15.1,584,44,41,0.72265
2022-01-04 1:22,23,24.4,15.1,569,44,39,-2.5262
2022-01-04 1:22,23,24.4,15.2,569,44,41,0.721
2022-01-04 1:22,23,24.4,15.1,569,44,41,0.721
2022-01-04 1:22,23,24.4,15.1,526,44,41,-0.5627
2022-01-04 1:22,23,24.4,15.2,526,44,32,-1.0148
2022-01-04 1:22,23,24.4,15.2,525,44,39,-2.3315
2022-01-04 1:22,23.0625,24.4,15.2,525,44,41,0.71935
2022-01-04 1:22,23.0625,24.4,15.2,525,44,31,-1.0082
2022-01-04 1:22,23,24.4,15.2,450,44,41,0.721
2022-01-04 1:22,23.0625,24.4,15.1,450,44,41,0.68635
2022-01-04 1:22,23.0625,24.4,15.1,443,45,40,-2.0642
2022-01-04 1:22,23.125,24.4,15.1,443,45,32,-1.02305
2022-01-04 1:22,23.0625,24.4,15.1,443,45,41,0.7012
2022-01-04 1:22,23.0625,24.4,15.1,445,44,32,-0.9686
2022-01-04 1:23,23.0625,24.5,15.2,445,44,41,0.50155
2022-01-04 1:23,23.0625,24.4,15.2,438,45,40,-1.98995
2022-01-04 1:23,23.0625,24.4,15.2,438,45,41,-0.269
2022-01-04 1:23,23.0625,24.4,15.2,438,45,41,0.73255
2022-01-04 1:23,23.0625,24.4,15.2,445,44,41,0.7045
2022-01-04 1:23,23.0625,24.4,15.2,445,44,41,0.7309
2022-01-04 1:23,23.0625,24.5,15.2,452,44,32,0.72265
2022-01-04 1:23,23,24.5,15.2,452,44,41,0.72595
2022-01-04 1:23,23.0625,24.4,15.2,452,44,31,-1.00655
2022-01-04 1:23,23,24.4,15.2,455,44,41,0.73255
2022-01-04 1:23,23,24.4,15.2,455,44,41,0.73585
2022-01-04 1:23,23.0625,24.4,15.2,499,44,41,0.73585
2022-01-04 1:23,23.0625,24.4,15.2,499,44,41,0.7045
2022-01-04 1:23,23.0625,24.4,15.2,499,44,41,0.07255
2022-01-04 1:23,23.0625,24.5,15.3,556,44,41,0.7342
2022-01-04 1:23,23.0625,24.4,15.2,556,44,41,0.15835
2022-01-04 1:23,23,24.4,15.2,591,44,41,0.72595
2022-01-04 1:23,23.0625,24.4,15.2,591,44,32,0.71935
2022-01-04 1:23,23.0625,24.5,15.2,591,44,41,0.7276
2022-01-04 1:23,23.0625,24.4,15.2,650,44,41,0.72595
2022-01-04 1:23,23.0625,24.5,15.2,650,44,41,0.7243
2022-01-04 1:23,23.0625,24.4,15.2,701,44,32,-0.9983
2022-01-04 1:23,23.0625,24.5,15.2,701,44,41,0.72925
2022-01-04 1:23,23.0625,24.4,15.2,701,44,41,0.7276
2022-01-04 1:23,23,24.5,15.2,764,44,41,0.72595
2022-01-04 1:23,23.0625,24.5,15.2,764,44,41,0.7276
2022-01-04 1:23,23.0625,24.5,15.2,777,44,41,-0.6617
2022-01-04 1:23,23.0625,24.5,15.2,777,44,32,-1.01975
2022-01-04 1:23,23.0625,24.5,15.2,777,44,41,0.61375
2022-01-04 1:23,23.0625,24.4,15.1,793,44,41,0.6979
2022-01-04 1:24,23.0625,24.4,15.1,793,44,32,-1.0148
2022-01-04 1:24,23.0625,24.5,15.1,800,44,41,0.70945
2022-01-04 1:24,23,24.5,15.1,800,44,41,0.72265
2022-01-04 1:24,23.0625,24.5,15.1,800,44,41,0.7276
2022-01-04 1:24,23.0625,24.4,15.1,813,44,32,-1.0181
2022-01-04 1:24,23,24.4,15.1,813,44,41,0.72925
2022-01-04 1:24,23.0625,24.4,15.1,819,44,41,0.71605
2022-01-04 1:24,23,24.4,15.1,819,44,41,0.4603
2022-01-04 1:24,23,24.4,15.1,819,44,32,-0.995
2022-01-04 1:24,23.0625,24.4,15.2,833,44,41,-0.1799
2022-01-04 1:24,23.0625,24.4,15.1,833,44,41,0.7012
2022-01-04 1:24,23.0625,24.5,15.2,863,44,32,0.72925
2022-01-04 1:24,23,24.4,15.1,863,44,41,0.72265
2022-01-04 1:24,23,24.5,15.1,863,44,32,0.7243
2022-01-04 1:24,23,24.4,15.1,903,44,41,0.7276
2022-01-04 1:24,23,24.4,15.1,903,44,32,-1.0049
2022-01-04 1:24,23.0625,24.4,15.1,909,44,41,0.72265
2022-01-04 1:24,23.0625,24.4,15.1,909,44,41,0.73255
2022-01-04 1:24,23.0625,24.4,15.1,909,44,41,0.73255
2022-01-04 1:24,23,24.4,15.1,901,44,41,0.72595
2022-01-04 1:24,23.0625,24.4,15.1,901,44,41,-0.18815
2022-01-04 1:24,23.0625,24.4,15.1,899,44,41,0.72265
2022-01-04 1:24,23.0625,24.5,15.2,899,44,41,0.30355
2022-01-04 1:24,23.0625,24.5,15.2,899,44,41,0.721
2022-01-04 1:24,23.0625,24.5,15.2,918,44,32,0.71275
2022-01-04 1:24,23.0625,24.4,15.1,918,44,41,0.7243
2022-01-04 1:24,23.125,24.5,15.1,928,44,41,0.7309
2022-01-04 1:24,23.0625,24.4,15,928,44,41,0.69955
2022-01-04 1:24,23.0625,24.4,15.1,928,44,41,0.7243
2022-01-04 1:25,23.125,24.4,15.1,954,44,41,0.72925
2022-01-04 1:25,23.0625,24.5,15.2,954,44,32,-1.03295
2022-01-04 1:25,23.125,24.5,15.2,1025,44,41,0.7309
2022-01-04 1:25,23.125,24.5,15.2,1025,44,41,0.72595
2022-01-04 1:25,23.0625,24.4,15.1,1025,44,41,-0.66665
2022-01-04 1:25,23.125,24.4,15.1,1062,44,32,-0.995
2022-01-04 1:25,23.125,24.5,15.2,1062,44,41,0.721
2022-01-04 1:25,23.125,24.4,15.1,1052,44,41,0.70945
2022-01-04 1:25,23.0625,24.5,15.1,1052,44,32,0.71605
2022-01-04 1:25,23.0625,24.4,15.1,1052,44,38,-4.43525
2022-01-04 1:25,23.125,24.4,15.1,1291,41,41,0.71935
2022-01-04 1:25,23.0625,24.4,15.1,1291,41,41,0.7078
2022-01-04 1:25,23.0625,24.4,15.1,1104,42,32,-1.02305
2022-01-04 1:25,23.0625,24.4,15.2,1104,42,41,0.71275
2022-01-04 1:25,23.0625,24.4,15.2,683,43,38,-3.668
2022-01-04 1:25,23.0625,24.5,15.2,683,43,41,0.50155
2022-01-04 1:25,23.125,24.4,15.1,683,43,32,-1.00985
2022-01-04 1:25,23.0625,24.4,15.1,495,44,41,-0.25085
2022-01-04 1:25,23.0625,24.4,15.1,495,44,41,0.70945
2022-01-04 1:25,23.125,24.4,15.2,464,44,31,-3.0344
2022-01-04 1:25,23.0625,24.5,15.2,464,44,41,0.71275
2022-01-04 1:25,23.0625,24.4,15.2,464,44,32,0.7078
2022-01-04 1:25,23.125,24.4,15.1,404,44,41,0.7177
2022-01-04 1:25,23.0625,24.4,15.1,404,44,32,-1.0049
2022-01-04 1:25,23.125,24.4,15.1,404,44,39,-2.56085
2022-01-04 1:25,23.0625,24.4,15.1,404,44,41,0.7177
2022-01-04 1:25,23.0625,24.5,15.2,404,44,41,0.71605
2022-01-04 1:25,23.125,24.4,15.1,400,44,41,0.70945
2022-01-04 1:25,23.125,24.4,15.1,400,44,41,-0.21125
2022-01-04 1:25,23.125,24.4,15.1,403,44,31,-3.8
2022-01-04 1:26,23.125,24.5,15.2,403,44,41,0.2656
2022-01-04 1:26,23.125,24.4,15.1,403,44,41,0.72595
2022-01-04 1:26,23.125,24.5,15.2,401,44,32,0.70945
2022-01-04 1:26,23.125,24.4,15.1,401,44,41,0.721
2022-01-04 1:26,23.125,24.4,15.1,404,44,39,-2.0873
2022-01-04 1:26,23.125,24.4,15.1,404,44,41,0.7078
2022-01-04 1:26,23.125,24.5,15.2,404,44,32,-1.0049
2022-01-04 1:26,23.125,24.4,15.1,402,44,41,0.7243
2022-01-04 1:26,23.125,24.4,15.1,402,44,41,0.71935
2022-01-04 1:26,23.125,24.4,15.1,404,45,40,-1.985
2022-01-04 1:26,23.125,24.4,15.1,404,45,41,0.7012
2022-01-04 1:26,23.125,24.4,15.1,404,45,41,-0.4703
2022-01-04 1:26,23.125,24.4,15.1,442,45,32,-0.995
2022-01-04 1:26,23.125,24.4,15.1,442,45,41,0.72925
2022-01-04 1:26,23.125,24.4,15.1,522,44,41,0.7243
2022-01-04 1:26,23.125,24.4,15.1,522,44,32,0.72595
2022-01-04 1:26,23.125,24.4,15.1,522,44,41,0.71935
2022-01-04 1:26,23.125,24.4,15.1,591,44,41,0.72925
2022-01-04 1:26,23.125,24.4,15.1,591,44,41,0.7309
2022-01-04 1:26,23.125,24.4,15.1,656,44,32,-1.0016
2022-01-04 1:26,23.125,24.4,15.1,656,44,41,0.7342
2022-01-04 1:26,23.125,24.4,15.2,656,44,41,0.7309
2022-01-04 1:26,23.125,24.4,15.2,723,44,41,0.30025
2022-01-04 1:26,23.125,24.4,15.2,723,44,32,-1.00325
2022-01-04 1:26,23.125,24.4,15.2,746,44,41,-0.1931
2022-01-04 1:26,23.125,24.4,15.2,746,44,41,0.73255
2022-01-04 1:26,23.125,24.4,15.2,746,44,32,0.72595
2022-01-04 1:26,23.125,24.4,15.2,761,44,41,0.7111
2022-01-04 1:26,23.125,24.4,15.2,761,44,32,0.7276
2022-01-04 1:26,23.125,24.4,15.2,766,44,41,0.7078
2022-01-04 1:27,23.125,24.4,15.2,766,44,32,-1.0577
2022-01-04 1:27,23.125,24.4,15.2,766,44,41,0.7144
2022-01-04 1:27,23.125,24.4,15.2,779,44,41,0.72595
2022-01-04 1:27,23.125,24.4,15.2,779,44,32,-1.00325
2022-01-04 1:27,23.125,24.4,15.2,793,44,41,0.73255
2022-01-04 1:27,23.125,24.4,15.2,793,44,41,-0.36965
2022-01-04 1:27,23.125,24.4,15.2,793,44,32,-0.99995
2022-01-04 1:27,23.125,24.4,15.2,809,44,41,0.28705
2022-01-04 1:27,23.125,24.4,15.2,809,44,41,0.7342
2022-01-04 1:27,23.125,24.4,15.2,828,44,31,-0.9851
2022-01-04 1:27,23.125,24.4,15.2,828,44,41,0.7342
2022-01-04 1:27,23.125,24.4,15.2,828,44,41,0.73255
2022-01-04 1:27,23.125,24.4,15.2,859,44,41,0.7045
2022-01-04 1:27,23.1875,24.4,15.2,859,44,32,-1.0379
2022-01-04 1:27,23.1875,24.4,15.1,872,44,41,0.71935
2022-01-04 1:27,23.1875,24.4,15.2,872,44,41,0.67645
2022-01-04 1:27,23.125,24.4,15.2,872,44,41,0.7078
2022-01-04 1:27,23.125,24.4,15.2,875,44,41,0.7342
2022-01-04 1:27,23.1875,24.4,15.2,875,44,41,-0.2591
2022-01-04 1:27,23.1875,24.4,15.2,877,44,32,-0.99335
2022-01-04 1:27,23.125,24.4,15.2,877,44,41,0.7342
2022-01-04 1:27,23.125,24.4,15.2,877,44,41,0.7309
2022-01-04 1:27,23.125,24.4,15.2,888,44,32,0.73255
2022-01-04 1:27,23.125,24.4,15.1,888,44,41,0.73585
2022-01-04 1:27,23.1875,24.4,15.1,887,45,32,-1.0445
2022-01-04 1:27,23.125,24.4,15.1,887,45,41,0.7111
2022-01-04 1:27,23.125,24.4,15.1,887,45,41,0.7276
2022-01-04 1:27,23.125,24.4,15.2,894,45,41,0.7144
2022-01-04 1:27,23.1875,24.4,15.1,894,45,41,0.7177
2022-01-04 1:27,23.1875,24.4,15.1,897,44,41,0.25405
2022-01-04 1:28,23.1875,24.4,15.1,897,44,32,-1.01975
2022-01-04 1:28,23.125,24.4,15.2,897,44,41,-0.14525
2022-01-04 1:28,23.125,24.4,15.2,911,45,41,0.71935
2022-01-04 1:28,23.1875,24.4,15.2,911,45,32,0.70945
2022-01-04 1:28,23.125,24.4,15.2,919,45,41,0.72925
2022-01-04 1:28,23.125,24.4,15.2,919,45,32,0.72595
2022-01-04 1:28,23.125,24.4,15.2,919,45,41,0.72595
2022-01-04 1:28,23.1875,24.4,15.2,967,45,32,-1.0016
2022-01-04 1:28,23.1875,24.4,15.2,967,45,41,0.72265
2022-01-04 1:28,23.1875,24.4,15.2,1011,44,41,0.7078
2022-01-04 1:28,23.1875,24.4,15.2,1011,44,41,0.7276
2022-01-04 1:28,23.125,24.4,15.2,1011,44,41,0.7177
2022-01-04 1:28,23.1875,24.4,15.2,1024,44,41,-0.37295
2022-01-04 1:28,23.125,24.4,15.2,1024,44,32,-1.00655
2022-01-04 1:28,23.1875,24.4,15.2,1013,45,41,0.29695
2022-01-04 1:28,23.1875,24.4,15.2,1013,45,41,0.7243
2022-01-04 1:28,23.1875,24.4,15.2,1013,45,30,-5.64635
2022-01-04 1:28,23.1875,24.4,15.1,1245,41,41,0.71605
2022-01-04 1:28,23.1875,24.4,15.2,1245,41,41,0.7342
2022-01-04 1:28,23.1875,24.4,15.2,1134,43,41,0.73585
2022-01-04 1:28,23.1875,24.4,15.2,1134,43,32,-1.0049
2022-01-04 1:28,23.1875,24.4,15.2,1043,43,38,-3.5987
2022-01-04 1:28,23.1875,24.4,15.2,1043,43,41,0.72265
2022-01-04 1:28,23.125,24.4,15.2,1043,43,41,0.61375
2022-01-04 1:28,23.125,24.4,15.2,832,44,41,0.7243
2022-01-04 1:28,23.1875,24.4,15.2,832,44,41,-0.18485
2022-01-04 1:28,23.1875,24.4,15.2,769,44,31,-4.45505
2022-01-04 1:28,23.1875,24.4,15.2,769,44,41,0.72595
2022-01-04 1:28,23.1875,24.4,15.2,769,44,41,0.7243
2022-01-04 1:28,23.1875,24.4,15.2,704,44,32,0.72595
2022-01-04 1:29,23.1875,24.4,15.2,704,44,41,0.71935
2022-01-04 1:29,23.1875,24.4,15.2,698,44,31,-4.04915
2022-01-04 1:29,23.1875,24.4,15.2,698,44,41,0.7177
2022-01-04 1:29,23.1875,24.4,15.2,698,44,41,0.7243
2022-01-04 1:29,23.1875,24.4,15.2,686,44,41,0.71605
2022-01-04 1:29,23.1875,24.4,15.2,686,44,41,0.721
2022-01-04 1:29,23.1875,24.4,15.2,687,44,40,-2.8331
2022-01-04 1:29,23.1875,24.4,15.2,687,44,41,0.72595
2022-01-04 1:29,23.1875,24.4,15.2,687,44,41,0.0247
2022-01-04 1:29,23.1875,24.4,15.2,598,44,41,0.72925
2022-01-04 1:29,23.1875,24.4,15.3,598,44,32,-0.98345
2022-01-04 1:29,23.1875,24.4,15.2,590,44,40,-2.09225
2022-01-04 1:29,23.1875,24.4,15.2,590,44,32,0.69625
2022-01-04 1:29,23.1875,24.4,15.2,590,44,41,0.7276
2022-01-04 1:29,23.1875,24.4,15.2,537,45,32,-0.99665
2022-01-04 1:29,23.1875,24.4,15.2,537,45,41,0.7309
2022-01-04 1:29,23.125,24.4,15.2,540,45,39,-1.9916
2022-01-04 1:29,23.1875,24.4,15.2,540,45,41,0.70945
2022-01-04 1:29,23.1875,24.4,15.2,540,45,41,0.72595
2022-01-04 1:29,23.1875,24.4,15.2,453,45,41,-0.61715
2022-01-04 1:29,23.1875,24.4,15.2,453,45,32,-0.9884
2022-01-04 1:29,23.1875,24.4,15.2,456,45,41,0.27715
2022-01-04 1:29,23.1875,24.4,15.2,456,45,41,0.7309
2022-01-04 1:29,23.1875,24.4,15.2,456,45,32,-0.995
2022-01-04 1:29,23.25,24.4,15.2,478,45,41,0.7276
2022-01-04 1:29,23.25,24.4,15.2,478,45,41,0.7342
2022-01-04 1:29,23.1875,24.4,15.2,699,45,41,0.7342
2022-01-04 1:29,23.1875,24.4,15.2,699,45,32,-1.00655
2022-01-04 1:29,23.1875,24.4,15.2,699,45,41,0.72595
2022-01-04 1:29,23.1875,24.4,15.2,855,44,41,0.7309
2022-01-04 1:30,23.1875,24.4,15.2,855,44,41,0.6253
2022-01-04 1:30,23.1875,24.4,15.2,892,44,32,-0.995
2022-01-04 1:30,23.1875,24.4,15.1,892,44,41,-0.29705
2022-01-04 1:30,23.1875,24.4,15.1,892,44,41,0.7342
2022-01-04 1:30,23.1875,24.4,15.2,959,44,41,0.72265
2022-01-04 1:30,23.1875,24.4,15.1,959,44,41,0.721
2022-01-04 1:30,23.1875,24.4,15.1,1065,44,32,0.72925
2022-01-04 1:30,23.1875,24.4,15.2,1065,44,41,0.73255
2022-01-04 1:30,23.1875,24.4,15.2,1065,44,32,-0.99335
2022-01-04 1:30,23.1875,24.3,15.2,1112,44,41,0.73255
2022-01-04 1:30,23.1875,24.4,15.2,1112,44,41,0.7309
2022-01-04 1:30,23.1875,24.4,15.2,1133,44,41,0.7309
2022-01-04 1:30,23.1875,24.4,15.2,1133,44,41,0.7243
2022-01-04 1:30,23.1875,24.4,15.2,1133,44,41,0.0742
2022-01-04 1:30,23.1875,24.4,15.2,1200,44,41,0.7375
2022-01-04 1:30,23.125,24.4,15.2,1200,44,41,0.1369
2022-01-04 1:30,23.1875,24.4,15.2,1219,44,41,0.71605
2022-01-04 1:30,23.125,24.3,15.2,1219,44,32,0.72265
2022-01-04 1:30,23.125,24.4,15.2,1219,44,41,0.73585
2022-01-04 1:30,23.125,24.4,15.2,1215,44,41,0.72595
2022-01-04 1:30,23.125,24.4,15.2,1215,44,41,0.72925
2022-01-04 1:30,23.1875,24.4,15.2,1255,44,32,-1.0049
2022-01-04 1:30,23.125,24.4,15.2,1255,44,41,0.7375
2022-01-04 1:30,23.125,24.4,15.2,1255,44,41,0.7309
2022-01-04 1:30,23.125,24.4,15.2,1283,44,41,0.7342
2022-01-04 1:30,23.125,24.4,15.2,1283,44,41,0.7342
2022-01-04 1:30,23.1875,24.3,15.2,1286,44,41,-0.6716
2022-01-04 1:30,23.125,24.4,15.2,1286,44,32,-0.9884
2022-01-04 1:30,23.125,24.4,15.2,1286,44,41,0.62035
2022-01-04 1:30,23.125,24.4,15.2,1283,45,41,0.73255
2022-01-04 1:31,23.0625,24.4,15.2,1283,45,32,-0.99005
2022-01-04 1:31,23.1875,24.4,15.2,1271,45,41,0.7309
2022-01-04 1:31,23.125,24.4,15.2,1271,45,41,0.72925
2022-01-04 1:31,23.125,24.4,15.2,1271,45,41,0.7408
2022-01-04 1:31,23.125,24.4,15.2,1264,45,32,-0.99005
2022-01-04 1:31,23.125,24.4,15.2,1264,45,41,0.73915
2022-01-04 1:31,23.125,24.4,15.2,1323,45,41,0.7408
2022-01-04 1:31,23.125,24.4,15.2,1323,45,41,0.5197
2022-01-04 1:31,23.125,24.4,15.2,1323,45,32,-0.99335
2022-01-04 1:31,23.125,24.4,15.2,1338,44,41,-0.21455
2022-01-04 1:31,23.0625,24.4,15.1,1338,44,32,-1.10885
2022-01-04 1:31,23.125,24.3,15.1,1318,45,41,0.73255
2022-01-04 1:31,23.125,24.4,15.2,1318,45,41,0.73915
2022-01-04 1:31,23.125,24.4,15.1,1318,45,32,0.73585
2022-01-04 1:31,23.0625,24.4,15.1,1329,45,41,0.7309
2022-01-04 1:31,23.0625,24.4,15.2,1329,45,32,-1.00325
2022-01-04 1:31,23.125,24.4,15.2,1353,45,32,-1.00985
2022-01-04 1:31,23.125,24.4,15.2,1353,45,41,0.73585
2022-01-04 1:31,23.0625,24.4,15.2,1353,45,41,0.7342
2022-01-04 1:31,23.0625,24.4,15.2,1354,45,41,0.73255
2022-01-04 1:31,23.0625,24.4,15.2,1354,45,41,-0.1469
2022-01-04 1:31,23.0625,24.4,15.2,1376,44,41,0.7309
2022-01-04 1:31,23.0625,24.4,15.2,1376,44,41,0.2392
2022-01-04 1:31,23.0625,24.4,15.2,1376,44,38,-4.54085
2022-01-04 1:31,23.0625,24.4,15.3,1569,41,32,-1.00325
2022-01-04 1:31,23.0625,24.4,15.2,1569,41,41,0.73255
2022-01-04 1:31,23.0625,24.4,15.3,865,42,41,0.7375
2022-01-04 1:31,23.0625,24.4,15.2,865,42,41,0.72925
2022-01-04 1:31,23.0625,24.4,15.3,404,40,38,-3.67955
2022-01-04 1:31,23.0625,24.4,15.2,404,40,41,0.73585
2022-01-04 1:32,23.0625,24.4,15.2,404,40,41,0.71935
2022-01-04 1:32,23.0625,24.4,15.2,402,42,41,0.71605
2022-01-04 1:32,23.0625,24.4,15.2,402,42,32,-1.0181
2022-01-04 1:32,23.125,24.4,15.2,404,43,39,-4.28015
2022-01-04 1:32,23.125,24.4,15.2,404,43,32,-0.99335
2022-01-04 1:32,23.0625,24.4,15.2,404,43,41,0.6154
2022-01-04 1:32,23.0625,24.4,15.2,404,44,41,0.7177
2022-01-04 1:32,23.0625,24.4,15.2,404,44,31,-0.9983
2022-01-04 1:32,23.0625,24.4,15.2,400,44,39,-2.67635
2022-01-04 1:32,23.0625,24.4,15.2,400,44,41,0.7342
2022-01-04 1:32,23.0625,24.4,15.2,400,44,41,0.73585
2022-01-04 1:32,23.0625,24.4,15.2,400,44,32,-0.99005
2022-01-04 1:32,23.0625,24.4,15.2,400,44,41,0.7177
2022-01-04 1:32,23.0625,24.4,15.2,400,44,39,-2.32985
2022-01-04 1:32,23.0625,24.4,15.2,400,44,41,0.5164
2022-01-04 1:32,23.0625,24.4,15.2,400,44,41,0.6979
2022-01-04 1:32,23,24.4,15.2,401,44,41,-0.22445
2022-01-04 1:32,23.0625,24.4,15.1,401,44,41,0.66655
2022-01-04 1:32,23,24.4,15.1,401,44,40,-2.1005
2022-01-04 1:32,23,24.4,15.1,401,44,41,0.73585
2022-01-04 1:32,23,24.4,15.1,401,44,32,0.7375
2022-01-04 1:32,23.0625,24.4,15.1,404,44,41,0.73255
2022-01-04 1:32,23.0625,24.4,15.1,404,44,32,-1.0214
2022-01-04 1:32,23,24.4,15.1,446,44,40,-1.99985
2022-01-04 1:32,23.0625,24.4,15.1,446,44,41,0.7375
2022-01-04 1:32,23,24.4,15.1,446,44,41,0.73915
2022-01-04 1:32,23,24.4,15.1,511,44,41,0.7111
2022-01-04 1:32,23.0625,24.4,15.1,511,44,41,-0.17495
2022-01-04 1:32,23,24.4,15.2,521,44,41,0.73255
2022-01-04 1:32,23.0625,24.4,15.2,521,44,41,0.2755
2022-01-04 1:33,23,24.4,15.1,521,44,41,0.7078
2022-01-04 1:33,23,24.4,15.1,685,44,32,0.71935
2022-01-04 1:33,23,24.4,15.1,685,44,41,0.71935
2022-01-04 1:33,23.0625,24.4,15.1,793,45,41,0.7375
2022-01-04 1:33,23,24.4,15.1,793,45,41,0.72925
2022-01-04 1:33,23,24.4,15.1,793,45,32,-1.02965
2022-01-04 1:33,23.0625,24.4,15.1,857,44,41,0.71275
2022-01-04 1:33,23,24.4,15.1,857,44,41,0.73585
2022-01-04 1:33,23.0625,24.4,15.1,871,44,41,0.7078
2022-01-04 1:33,23.0625,24.4,15.1,871,44,41,0.72595
2022-01-04 1:33,23,24.4,15.1,871,44,41,-1.2095
2022-01-04 1:33,23,24.4,15.1,872,44,32,-1.0049
2022-01-04 1:33,23,24.4,15.2,872,44,41,0.7342
2022-01-04 1:33,23.0625,24.4,15.2,876,44,41,0.7375
2022-01-04 1:33,23,24.4,15.2,876,44,32,0.7375
2022-01-04 1:33,23,24.4,15.2,876,44,41,0.72595
2022-01-04 1:33,23,24.4,15.2,873,45,41,0.72925
2022-01-04 1:33,23.0625,24.4,15.2,873,45,41,0.7177
2022-01-04 1:33,23.0625,24.4,15.2,885,44,32,-0.995
2022-01-04 1:33,23,24.4,15.2,885,44,41,0.73585
2022-01-04 1:33,23,24.4,15.1,885,44,41,0.73585
2022-01-04 1:33,23,24.4,15.1,967,45,41,0.26725
2022-01-04 1:33,23,24.4,15.1,967,45,32,-0.9983
2022-01-04 1:33,23.0625,24.4,15.1,999,44,41,-1.2326
2022-01-04 1:33,23,24.4,15.1,999,44,41,0.72925
2022-01-04 1:33,23.0625,24.4,15.2,999,44,32,-1.03625
2022-01-04 1:33,23,24.4,15.1,1033,44,41,0.72925
2022-01-04 1:33,23,24.4,15.2,1033,44,32,0.73255
2022-01-04 1:33,23.0625,24.4,15.1,1046,44,41,0.7276
2022-01-04 1:33,23,24.4,15.1,1046,44,32,-0.995
2022-01-04 1:34,23.0625,24.5,15.2,1046,44,41,0.72595
2022-01-04 1:34,23.0625,24.4,15.1,1059,44,41,0.7309
2022-01-04 1:34,23.0625,24.4,15.1,1059,44,41,0.721
2022-01-04 1:34,23.0625,24.4,15.1,1075,44,41,0.71605
2022-01-04 1:34,23.0625,24.4,15.1,1075,44,41,-0.4109
2022-01-04 1:34,23,24.4,15.1,1075,44,32,-0.9851
2022-01-04 1:34,23,24.4,15.1,1100,44,41,-1.21115
2022-01-04 1:34,23,24.4,15,1100,44,41,0.7342
2022-01-04 1:34,23.0625,24.4,15,1102,44,32,-1.00655
2022-01-04 1:34,23,24.4,15,1102,44,41,0.73585
2022-01-04 1:34,23,24.4,15,1102,44,32,-0.99005
2022-01-04 1:34,23,24.4,15.1,1098,45,41,0.72925
2022-01-04 1:34,23,24.5,15.1,1098,45,32,-1.0016
2022-01-04 1:34,23.0625,24.4,15.1,1098,45,41,0.72265
2022-01-04 1:34,23,24.4,14.8,1098,45,32,-0.9851
2022-01-04 1:34,23,24.4,14.9,1098,45,32,-1.00985
2022-01-04 1:34,23,24.4,15,1102,45,41,0.721
2022-01-04 1:34,22.9375,24.4,15,1102,45,41,-1.2326
2022-01-04 1:34,23,24.4,15,1114,44,32,-0.99005
2022-01-04 1:34,23,24.4,15.1,1114,44,41,-1.0808
2022-01-04 1:34,22.9375,24.5,15.1,1114,44,31,-1.00325
2022-01-04 1:34,22.9375,24.4,15.1,1107,44,32,-1.00985
2022-01-04 1:34,23,24.4,15.1,1107,44,41,0.73915
2022-01-04 1:34,23,24.5,15.1,1132,44,32,-0.9851
2022-01-04 1:34,23,24.5,15.2,1132,44,41,0.7276
2022-01-04 1:34,23,24.4,15.1,1132,44,32,-0.9917
2022-01-04 1:34,23,24.5,15.1,1138,44,41,0.7375
2022-01-04 1:34,23,24.4,15.1,1138,44,32,-0.99335
2022-01-04 1:34,22.9375,24.5,15.1,1140,44,41,0.30025
2022-01-04 1:34,23,24.4,15.1,1140,44,32,-0.9983
2022-01-04 1:35,23,24.4,15.1,1140,44,32,-4.12175
2022-01-04 1:35,23,24.4,15.1,1150,44,41,0.68305
2022-01-04 1:35,23,24.4,15.1,1150,44,32,-1.01315
2022-01-04 1:35,23,24.4,15.1,1130,45,41,0.72925
2022-01-04 1:35,23,24.4,15.1,1130,45,31,-1.00655
2022-01-04 1:35,23,24.4,15.1,1130,44,30,-5.36585
2022-01-04 1:35,23,24.4,15.1,1155,44,32,-0.9851
2022-01-04 1:35,23,24.4,15.1,1155,44,41,0.7375
2022-01-04 1:35,23.0625,24.4,15.1,401,44,32,-1.0049
2022-01-04 1:35,23.0625,24.4,15.1,401,44,41,0.73585
2022-01-04 1:35,23.0625,24.4,15.1,400,44,31,-4.71575
2022-01-04 1:35,23,24.4,15.1,400,44,41,-0.38285
2022-01-04 1:35,23.0625,24.4,15.1,400,44,32,-0.9983
2022-01-04 1:35,23.0625,24.4,15.1,404,44,41,-1.20125
2022-01-04 1:35,23.0625,24.4,15.1,404,44,32,-0.98345
2022-01-04 1:35,23.0625,24.4,15.1,401,44,30,-4.32635
2022-01-04 1:35,23.0625,24.4,15.1,401,44,41,0.7243
2022-01-04 1:35,23.0625,24.4,15.1,401,44,32,-0.9983
2022-01-04 1:35,23.125,24.4,15.1,401,44,40,0.7375
2022-01-04 1:35,23.125,24.4,15.1,401,44,32,-1.0082
2022-01-04 1:35,23.0625,24.4,15.1,691,44,31,-3.93035
2022-01-04 1:35,23.0625,24.4,15.2,691,44,32,-0.9983
2022-01-04 1:35,23.0625,24.4,15.2,691,44,41,0.64015
2022-01-04 1:35,23.0625,24.4,15.2,712,44,32,-0.995
2022-01-04 1:35,23.0625,24.4,15.2,712,44,41,-1.22105
2022-01-04 1:35,23.0625,24.4,15.2,729,44,31,-3.70265
2022-01-04 1:35,23.0625,24.4,15.2,729,44,41,-1.06265
2022-01-04 1:35,23.0625,24.4,15.2,729,44,32,-1.01315
2022-01-04 1:35,23.0625,24.4,15.2,754,44,31,-0.99665
2022-01-04 1:35,23.0625,24.4,15.2,754,44,41,0.73255
2022-01-04 1:36,23.0625,24.4,15.2,785,44,31,-3.5987
2022-01-04 1:36,23.0625,24.4,15.2,785,44,41,0.7507
2022-01-04 1:36,23.0625,24.4,15.2,785,44,32,-0.99665
2022-01-04 1:36,23.0625,24.4,15.2,781,44,41,0.7309
2022-01-04 1:36,23.0625,24.4,15.2,781,44,32,-0.995
2022-01-04 1:36,23.0625,24.4,15.2,790,44,40,0.33655
2022-01-04 1:36,23.0625,24.4,15.2,790,44,32,-0.9983
2022-01-04 1:36,23.0625,24.4,15.3,790,44,41,-1.2095
2022-01-04 1:36,23.0625,24.4,15.3,790,44,32,-0.995
2022-01-04 1:36,23.125,24.4,15.3,790,44,32,-1.00325
2022-01-04 1:36,23.0625,24.4,15.3,805,44,32,-1.0016
2022-01-04 1:36,23.0625,24.4,15.3,805,44,32,-0.99665
2022-01-04 1:36,23.0625,24.4,15.4,805,44,32,-0.99335
2022-01-04 1:36,23.125,24.4,15.5,802,44,32,-0.99665
2022-01-04 1:36,23.0625,24.4,15.5,802,44,32,-0.99005
2022-01-04 1:36,23.125,24.4,15.6,833,44,32,-1.00325
2022-01-04 1:36,23.125,24.4,15.6,833,44,41,0.73255
2022-01-04 1:36,23.125,24.4,15.6,833,44,32,-0.99995
2022-01-04 1:36,23.125,24.4,15.6,856,45,41,-0.35975
2022-01-04 1:36,23.125,24.4,15.6,856,45,32,-0.9983
2022-01-04 1:36,23.125,24.4,15.5,873,45,41,-1.44545
2022-01-04 1:36,23.125,24.4,15.5,873,45,32,-1.00655
2022-01-04 1:36,23.125,24.4,15.5,873,45,32,-1.02965
2022-01-04 1:36,23.125,24.4,15.5,937,45,32,-0.99665
2022-01-04 1:36,23.0625,24.4,15.5,937,45,32,-0.99665
2022-01-04 1:36,23.125,24.4,15.5,942,45,32,-0.99995
2022-01-04 1:36,23.125,24.4,15.5,942,45,31,-1.00985
2022-01-04 1:36,23.125,24.4,15.5,942,45,32,-0.99005
2022-01-04 1:36,23.125,24.4,15.4,965,44,32,-0.9983
2022-01-04 1:36,23.125,24.4,15.4,965,44,32,-0.99335
2022-01-04 1:37,23.1875,24.4,15.4,971,44,32,-0.98675
2022-01-04 1:37,23.125,24.4,15.4,971,44,41,-1.22765
2022-01-04 1:37,23.125,24.4,15.4,971,44,32,-0.99995
2022-01-04 1:37,23.0625,24.4,15.4,960,44,41,-1.01975
2022-01-04 1:37,23.125,24.4,15.4,960,44,32,-1.0148
2022-01-04 1:37,23.125,24.4,15.4,964,44,31,-0.995
2022-01-04 1:37,23.125,24.4,15.4,964,44,32,-0.995
2022-01-04 1:37,23.0625,24.4,15.4,964,44,32,-0.99995
2022-01-04 1:37,23.0625,24.4,15.4,983,45,32,-1.04945
2022-01-04 1:37,23.0625,24.4,15.4,983,45,32,-1.00655
2022-01-04 1:37,23.0625,24.4,15.4,1010,45,32,-1.0016
2022-01-04 1:37,23.0625,24.4,15.4,1010,45,31,-0.99995
2022-01-04 1:37,23.0625,24.4,15.5,1010,45,32,-0.99995
2022-01-04 1:37,23.0625,24.4,15.4,1006,45,32,-0.9983
2022-01-04 1:37,23.0625,24.4,15.4,1006,45,32,-1.0148
2022-01-04 1:37,23.0625,24.4,15.4,1031,45,32,-1.0016
2022-01-04 1:37,23.0625,24.4,15.5,1031,45,32,-0.9983
2022-01-04 1:37,23.0625,24.4,15.4,1031,45,32,-1.0016
2022-01-04 1:37,23.0625,24.4,15.4,1094,44,32,-0.995
2022-01-04 1:37,23.0625,24.4,15.4,1094,44,32,-0.99005
2022-01-04 1:37,23.0625,24.4,15.5,1071,45,32,-1.0115
2022-01-04 1:37,23.0625,24.4,15.7,1071,45,32,-1.0148
2022-01-04 1:37,23.0625,24.4,15.8,1071,45,32,-1.0016
2022-01-04 1:37,23.0625,24.4,15.9,1087,44,33,-1.01315
2022-01-04 1:37,23.0625,24.4,16,1087,44,32,-1.0016
2022-01-04 1:37,23.0625,24.4,16.1,1111,44,32,-1.01975
2022-01-04 1:37,23.0625,24.4,16,1111,44,32,-0.99995
2022-01-04 1:37,23.0625,24.4,16,1111,44,32,-0.9851
2022-01-04 1:37,23.0625,24.4,15.9,1157,44,32,-1.01645
2022-01-04 1:37,23.0625,24.4,15.8,1157,44,32,-0.9785
2022-01-04 1:38,23.0625,24.4,15.7,1226,44,32,-0.9917
2022-01-04 1:38,23.0625,24.4,15.7,1226,44,32,-1.0082
2022-01-04 1:38,23.0625,24.3,15.7,1226,44,32,-1.00655
2022-01-04 1:38,23.0625,24.4,15.7,1223,44,32,-0.995
2022-01-04 1:38,23.125,24.4,15.7,1223,44,32,-0.9917
2022-01-04 1:38,23.0625,24.4,15.7,1300,45,32,-0.995
2022-01-04 1:38,23.125,24.4,15.6,1300,45,32,-0.9917
2022-01-04 1:38,23.0625,24.3,15.6,1300,45,32,-0.99005
2022-01-04 1:38,23.0625,24.4,15.6,1306,45,32,-1.00985
2022-01-04 1:38,23.0625,24.4,15.6,1306,45,32,-0.9884
2022-01-04 1:38,23.0625,24.4,15.6,1299,45,32,-0.99005
2022-01-04 1:38,23.0625,24.4,15.6,1299,45,32,-1.01645
2022-01-04 1:38,23.0625,24.4,15.6,1299,45,31,-5.33615
2022-01-04 1:38,23.125,24.4,15.6,1345,45,32,-0.9884
2022-01-04 1:38,23.0625,24.3,15.5,1345,45,32,-0.995
2022-01-04 1:38,23.125,24.4,15.6,1370,45,32,-1.2425
2022-01-04 1:38,23.125,24.4,15.6,1370,45,32,-1.028
2022-01-04 1:38,23.125,24.4,15.5,1380,45,31,-4.89395
2022-01-04 1:38,23.125,24.3,15.5,1380,45,32,-0.99995
2022-01-04 1:38,23.125,24.4,15.5,1380,45,32,-1.01975
2022-01-04 1:38,23.125,24.4,15.4,1392,44,32,-1.00325
2022-01-04 1:38,23.0625,24.4,15.5,1392,44,32,-1.03295
2022-01-04 1:38,23.0625,24.3,15.4,1396,44,31,-4.33295
2022-01-04 1:38,23.125,24.4,15.5,1396,44,32,-0.995
2022-01-04 1:38,23.125,24.4,15.5,1396,44,32,-1.00655
2022-01-04 1:38,23.125,24.4,15.5,1399,44,32,-1.0082
2022-01-04 1:38,23.0625,24.4,15.5,1399,44,32,-1.00325
2022-01-04 1:38,23.125,24.4,15.5,1398,45,31,-3.9848
2022-01-04 1:38,23.0625,24.4,15.5,1398,45,32,-1.01315
2022-01-04 1:38,23.125,24.4,15.5,1398,45,41,0.7177
2022-01-04 1:39,23.125,24.4,15.5,1395,45,32,-1.0082
2022-01-04 1:39,23.125,24.4,15.5,1395,45,32,-1.00325
2022-01-04 1:39,23.125,24.4,15.5,1389,45,31,-3.7901
2022-01-04 1:39,23.125,24.4,15.5,1389,45,41,0.7309
2022-01-04 1:39,23.125,24.3,15.4,1389,45,32,-0.9983
2022-01-04 1:39,23.125,24.3,15.4,1409,44,32,-1.0148
2022-01-04 1:39,23.125,24.4,15.5,1409,44,32,-0.995
2022-01-04 1:39,23.125,24.4,15.5,1414,44,31,-3.62675
2022-01-04 1:39,23.125,24.4,15.5,1414,44,32,-1.0049
2022-01-04 1:39,23.125,24.4,15.5,1414,44,32,-1.03625
2022-01-04 1:39,23.125,24.4,15.5,1417,44,32,-1.0247
2022-01-04 1:39,23.125,24.3,15.5,1417,44,32,-1.0082
2022-01-04 1:39,23.125,24.4,15.5,1424,44,31,-3.21095
2022-01-04 1:39,23.125,24.4,15.5,1424,44,32,-1.00655
2022-01-04 1:39,23.125,24.3,15.5,1424,44,41,0.7276
2022-01-04 1:39,23.125,24.4,15.5,1432,44,32,-1.0346
2022-01-04 1:39,23.125,24.4,15.5,1432,44,32,-1.0049
2022-01-04 1:39,23.125,24.4,15.5,1436,44,32,-1.02965
2022-01-04 1:39,23.125,24.4,15.5,1436,44,41,0.71935
2022-01-04 1:39,23.125,24.2,15.2,1436,44,32,-1.0379
2022-01-04 1:39,23.125,24.4,15.3,1428,44,32,-0.99335
2022-01-04 1:39,23.125,24.4,15.4,1428,44,41,0.7276
2022-01-04 1:39,23.125,24.4,15.5,1438,44,32,-1.01315
2022-01-04 1:39,23.125,24.4,15.4,1438,44,32,-1.0115
2022-01-04 1:39,23.125,24.4,15.5,1438,44,32,-1.0049
2022-01-04 1:39,23.1875,24.4,15.5,1445,44,32,-0.99335
2022-01-04 1:39,23.125,24.4,15.5,1445,44,32,-1.01975
2022-01-04 1:39,23.1875,24.4,15.5,1445,44,32,-1.0709
2022-01-04 1:39,23.125,24.4,15.5,1445,44,32,-1.01975
2022-01-04 1:39,23.125,24.4,15.5,1445,44,32,-0.84815
2022-01-04 1:40,23.1875,24.4,15.5,1442,44,32,-1.0214
2022-01-04 1:40,23.125,24.4,15.5,1442,44,32,0.6286
2022-01-04 1:40,23.125,24.4,15.5,1446,44,32,-1.0181
2022-01-04 1:40,23.125,24.4,15.5,1446,44,32,0.70285
2022-01-04 1:40,23.125,24.4,15.5,1446,44,32,-1.028
2022-01-04 1:40,23.125,24.4,15.5,1436,44,32,-1.0148
2022-01-04 1:40,23.1875,24.4,15.5,1436,44,32,-1.01315
2022-01-04 1:40,23.1875,24.4,15.5,1364,45,32,-1.0346
2022-01-04 1:40,23.125,24.4,15.5,1364,45,32,-1.0115
2022-01-04 1:40,23.125,24.4,15.5,1364,45,32,-1.03295
2022-01-04 1:40,23.125,24.4,15.5,1439,45,32,-1.0082
2022-01-04 1:40,23.125,24.4,15.5,1439,45,32,-1.06265
2022-01-04 1:40,23.1875,24.4,15.5,1471,44,32,-0.2162
2022-01-04 1:40,23.125,24.3,15.5,1471,44,32,-0.9983
2022-01-04 1:40,23.125,24.4,15.6,1471,44,41,0.7276
2022-01-04 1:40,23.125,24.4,15.5,1451,45,32,-0.99995
2022-01-04 1:40,23.125,24.4,15.5,1451,45,32,0.688
2022-01-04 1:40,23.1875,24.4,15.5,1457,44,32,-1.05275
2022-01-04 1:40,23.0625,24.4,15.6,1457,44,41,0.7276
2022-01-04 1:40,23.125,24.4,15.6,1457,44,32,-1.0049
2022-01-04 1:40,23.125,24.4,15.5,1470,44,41,0.32335
2022-01-04 1:40,23.125,24.4,15.6,1470,44,32,-1.01315
2022-01-04 1:40,23.125,24.4,15.6,1466,44,32,-1.0148
2022-01-04 1:40,23.0625,24.4,15.5,1466,44,32,-1.01315
2022-01-04 1:40,23.0625,24.4,15.5,1466,44,32,-0.99005
2022-01-04 1:40,23.0625,24.4,15.6,1463,44,32,0.42895
2022-01-04 1:40,23.125,24.4,15.5,1463,44,32,-0.99665
2022-01-04 1:40,23.125,24.4,15.6,1452,44,32,0.73585
2022-01-04 1:40,23.125,24.4,15.6,1452,44,32,-0.9851
2022-01-04 1:40,23.125,24.4,15.6,1452,44,41,0.73255
2022-01-04 1:41,23.125,24.4,15.5,1440,44,32,-1.00325
2022-01-04 1:41,23.125,24.4,15.5,1440,44,41,0.71605
2022-01-04 1:41,23.125,24.4,15.5,1427,45,32,-1.00325
2022-01-04 1:41,23.125,24.4,15.5,1427,45,41,-0.3383
2022-01-04 1:41,23.125,24.4,15.6,1427,45,32,-0.99335
2022-01-04 1:41,23.125,24.4,15.5,1426,45,41,0.2887
2022-01-04 1:41,23.0625,24.4,15.6,1426,45,32,-0.67985
2022-01-04 1:41,23.0625,24.4,15.6,1414,45,32,-0.995
2022-01-04 1:41,23.0625,24.4,15.6,1414,45,32,0.72595
2022-01-04 1:41,23.0625,24.4,15.6,1414,45,32,-0.99335
2022-01-04 1:41,23.0625,24.4,15.5,1423,45,32,0.7144
2022-01-04 1:41,23.0625,24.4,15.5,1423,45,32,-0.9983
2022-01-04 1:41,23.0625,24.4,15.5,1489,44,41,0.7144
2022-01-04 1:41,23.0625,24.4,15.5,1489,44,32,-0.9884
2022-01-04 1:41,23.0625,24.4,15.5,1489,44,32,-1.01975
2022-01-04 1:41,23.0625,24.4,15.5,1507,45,32,-1.00325
2022-01-04 1:41,23,24.4,15.5,1507,45,41,-0.54125
2022-01-04 1:41,23,24.4,15.5,1553,44,32,-0.95375
2022-01-04 1:41,23.0625,24.4,15.5,1553,44,41,0.72265
2022-01-04 1:41,23.0625,24.4,15.5,1553,44,31,-4.63325
2022-01-04 1:41,23,24.4,15.5,1557,44,32,0.72265
2022-01-04 1:41,23,24.4,15.5,1557,44,32,-1.00985
2022-01-04 1:41,23,24.4,15.5,1521,44,41,0.7177
2022-01-04 1:41,23,24.4,15.5,1521,44,32,0.69955
2022-01-04 1:41,23.0625,24.4,15.5,1450,44,31,-4.93025
2022-01-04 1:41,23,24.4,15.5,1450,44,41,0.7177
2022-01-04 1:41,23,24.4,15.5,1450,44,32,-1.0049
2022-01-04 1:41,23,24.4,15.5,1456,44,41,0.11215
2022-01-04 1:41,23,24.4,15.5,1456,44,32,-1.11545
2022-01-04 1:41,23,24.4,15.5,1444,44,40,-3.53105
2022-01-04 1:42,23,24.4,15.5,1444,44,32,-0.9983
2022-01-04 1:42,23,24.4,15.5,1444,44,32,0.70945
2022-01-04 1:42,23,24.4,15.5,1318,44,32,0.47185
2022-01-04 1:42,23,24.4,15.5,1318,44,32,0.72595
2022-01-04 1:42,23,24.4,15.5,1243,45,31,-2.5955
2022-01-04 1:42,23,24.4,15.5,1243,45,32,-1.00985
2022-01-04 1:42,23.0625,24.4,15.5,1243,45,41,0.7111
2022-01-04 1:42,23,24.4,15.5,1202,44,41,0.7375
2022-01-04 1:42,23,24.4,15.5,1202,44,41,0.7276
2022-01-04 1:42,23,24.4,15.5,1183,45,31,-3.7538
2022-01-04 1:42,23,24.4,15.5,1183,45,41,-0.3416
2022-01-04 1:42,23,24.4,15.5,1183,45,32,-1.00325
2022-01-04 1:42,23,24.4,15.5,1210,45,41,0.2854
2022-01-04 1:42,23,24.4,15.5,1210,45,32,-0.68645
2022-01-04 1:42,22.9375,24.4,15.5,1241,45,31,-3.61355
2022-01-04 1:42,23,24.4,15.5,1241,45,32,0.72925
2022-01-04 1:42,23,24.4,15.5,1241,45,41,0.7144
2022-01-04 1:42,23,24.4,15.5,1230,45,32,0.7276
2022-01-04 1:42,23,24.4,15.5,1230,45,32,-1.01645
2022-01-04 1:42,23,24.4,15.5,1251,45,40,-1.84145
2022-01-04 1:42,23,24.4,15.5,1251,45,41,0.70945
2022-01-04 1:42,23,24.4,15.5,1251,45,41,0.64015
2022-01-04 1:42,23,24.4,15.5,1277,45,32,-1.00655
2022-01-04 1:42,23,24.4,15.5,1277,45,41,-0.2129
2022-01-04 1:42,23,24.4,15.5,1286,45,32,-1.01315
2022-01-04 1:42,23.0625,24.4,15.5,1286,45,41,0.72595
2022-01-04 1:42,23,24.4,15.5,1286,45,32,0.06595
2022-01-04 1:42,23.0625,24.4,15.5,1284,45,32,0.6913
2022-01-04 1:42,23,24.4,15.5,1284,45,32,0.72925
2022-01-04 1:42,23,24.4,15.5,1368,45,32,-0.9884
2022-01-04 1:43,23,24.4,15.5,1368,45,41,0.7342
2022-01-04 1:43,22.9375,24.4,15.5,1368,45,41,0.72265
2022-01-04 1:43,23,24.4,15.5,1381,45,41,0.71935
2022-01-04 1:43,23,24.4,15.5,1381,45,41,0.7309
2022-01-04 1:43,23,24.4,15.5,1360,45,41,0.1204
2022-01-04 1:43,23,24.4,15.5,1360,45,41,0.71935
2022-01-04 1:43,23,24.4,15.5,1360,45,41,0.00655
2022-01-04 1:43,23,24.4,15.5,1345,45,41,0.71935
2022-01-04 1:43,23,24.4,15.5,1345,45,32,-0.99995
2022-01-04 1:43,23,24.4,15.5,1346,45,41,0.7276
2022-01-04 1:43,23,24.4,15.5,1346,45,32,0.73255
2022-01-04 1:43,23,24.4,15.5,1346,45,32,0.7177
2022-01-04 1:43,23,24.4,15.5,1390,45,32,-1.0049
2022-01-04 1:43,23,24.4,15.5,1390,45,41,0.7309
2022-01-04 1:43,23,24.4,15.5,1400,45,41,0.72925
2022-01-04 1:43,23,24.4,15.5,1400,45,41,0.7276
2022-01-04 1:43,23,24.4,15.5,1400,45,41,0.73585
2022-01-04 1:43,23,24.4,15.5,1407,45,41,-0.67325
2022-01-04 1:43,23,24.4,15.5,1407,45,32,-1.01315
2022-01-04 1:43,23.0625,24.4,15.5,1505,45,41,0.292
2022-01-04 1:43,23,24.4,15.5,1505,45,41,0.72595
2022-01-04 1:43,23,24.4,15.1,1505,45,32,-0.99995
2022-01-04 1:43,23,24.4,15.4,1537,45,32,-1.01315
2022-01-04 1:43,23.0625,24.4,15.4,1537,45,41,0.71605
2022-01-04 1:43,23.0625,24.4,15.4,1524,45,41,0.7243
2022-01-04 1:43,23.0625,24.4,15.4,1524,45,32,-1.0082
2022-01-04 1:43,23.0625,24.4,15.5,1524,45,41,0.68305
2022-01-04 1:43,23.0625,24.4,15.5,1506,45,32,-0.99335
2022-01-04 1:43,23.0625,24.4,15.5,1506,45,41,0.61375
2022-01-04 1:43,23.0625,24.4,15.5,1406,45,32,-0.99995
2022-01-04 1:44,23.0625,24.4,15.5,1406,45,41,-0.2129
2022-01-04 1:44,23.0625,24.4,15.5,1406,45,41,0.7276
2022-01-04 1:44,23.0625,24.4,15.5,1401,45,41,0.73255
2022-01-04 1:44,23,24.4,15.5,1401,45,41,0.7408
2022-01-04 1:44,23.0625,24.4,15.5,1440,45,32,0.71275
2022-01-04 1:44,23.0625,24.4,15.5,1440,45,41,0.73255
2022-01-04 1:44,23.0625,24.4,15.5,1440,45,32,-1.01315
2022-01-04 1:44,23,24.4,15.5,1460,45,41,0.73255
2022-01-04 1:44,23,24.4,15.5,1460,45,41,0.70285
2022-01-04 1:44,23,24.4,15.5,1441,45,41,0.7111
2022-01-04 1:44,23,24.4,15.5,1441,45,41,0.73915
2022-01-04 1:44,23,24.4,15.5,1441,45,41,0.0313
2022-01-04 1:44,23,24.4,15.5,1587,45,41,0.7309
2022-01-04 1:44,23,24.4,15.5,1587,45,41,0.1336
2022-01-04 1:44,23,24.4,15.4,1640,45,41,0.7309
2022-01-04 1:44,23,24.4,15.5,1640,45,32,-0.9884
2022-01-04 1:44,23,24.4,15.4,1640,45,41,0.7375
2022-01-04 1:44,23.0625,24.4,15.4,1643,45,32,-1.00655
2022-01-04 1:44,23,24.4,15.4,1643,45,41,0.73585
2022-01-04 1:44,23,24.4,15.4,1652,45,32,-0.98675
2022-01-04 1:44,23,24.4,15.4,1652,45,41,0.72595
2022-01-04 1:44,23,24.4,15.4,1652,45,41,0.7078
2022-01-04 1:44,23,24.4,15.4,1665,45,41,0.72595
2022-01-04 1:44,23,24.4,15.4,1665,45,41,0.7276
2022-01-04 1:44,23,24.4,15.4,1694,45,41,-0.6485
2022-01-04 1:44,23,24.4,15.5,1694,45,32,-0.9917
2022-01-04 1:44,23,24.4,15.5,1694,41,31,-3.9617
2022-01-04 1:44,23,24.4,15.4,1891,41,41,0.6649
2022-01-04 1:44,23,24.4,15.4,1891,41,32,-0.99665
2022-01-04 1:44,23,24.4,15.4,1529,43,41,0.7309
2022-01-04 1:45,23,24.4,15.5,1529,43,41,0.68965
2022-01-04 1:45,23,24.4,15.4,1250,44,39,-3.3941
2022-01-04 1:45,23,24.4,15.4,1250,44,32,-0.995
2022-01-04 1:45,23,24.4,15.4,1250,44,41,0.7276
2022-01-04 1:45,23,24.4,15.4,848,44,41,0.72265
2022-01-04 1:45,23,24.4,15.4,848,44,41,0.62695
2022-01-04 1:45,23,24.4,15.4,833,45,31,-4.28345
2022-01-04 1:45,23.0625,24.4,15.4,833,45,41,-0.2525
2022-01-04 1:45,23,24.4,15.4,833,45,41,0.72595
2022-01-04 1:45,23,24.4,15.4,827,45,41,0.721
2022-01-04 1:45,23,24.4,15.4,827,45,41,0.7144
2022-01-04 1:45,23,24.4,15.4,831,45,31,-2.42225
2022-01-04 1:45,23,24.4,15.4,831,45,41,0.721
2022-01-04 1:45,23,24.4,15.4,831,45,32,-1.0016
2022-01-04 1:45,23,24.4,15.4,715,45,41,0.72925
2022-01-04 1:45,23,24.4,15.4,715,45,41,0.72265
2022-01-04 1:45,23,24.4,15.4,702,45,40,-2.16815
2022-01-04 1:45,23,24.4,15.4,702,45,41,0.7276
2022-01-04 1:45,23,24.4,15.4,702,45,41,0.06595
2022-01-04 1:45,22.9375,24.4,15.4,697,45,41,0.73915
2022-01-04 1:45,23,24.4,15.4,697,45,41,0.18475
2022-01-04 1:45,23,24.4,15.4,686,45,40,-2.03945
2022-01-04 1:45,23,24.4,15.4,686,45,32,0.72595
2022-01-04 1:45,22.9375,24.4,15.4,686,45,41,0.7144
2022-01-04 1:45,23,24.4,15.4,678,45,41,0.73585
2022-01-04 1:45,23,24.4,15.4,678,45,41,0.7177
2022-01-04 1:45,22.9375,24.4,15.4,682,45,31,-1.02305
2022-01-04 1:45,22.9375,24.4,15.4,682,45,41,0.7276
2022-01-04 1:45,23,24.4,15.4,682,45,41,0.72925
2022-01-04 1:45,22.9375,24.4,15.4,680,45,41,0.72265
2022-01-04 1:46,22.9375,24.4,15.5,680,45,41,0.68965
2022-01-04 1:46,22.9375,24.4,15.5,685,44,41,-0.74915
2022-01-04 1:46,23,24.4,15.5,685,44,32,-1.01315
2022-01-04 1:46,23,24.4,15.5,685,44,41,0.5989
2022-01-04 17:10,20.75,21.2,12.8,536,42,30,-0.7475
2022-01-04 17:10,20.75,21.3,12.9,474,41,30,-0.73925
2022-01-04 17:10,20.75,21.3,12.9,474,41,30,-0.7508
2022-01-04 17:10,20.75,21.3,12.9,474,41,30,-0.7574
2022-01-04 17:10,20.75,21.2,12.8,458,42,30,-0.7574
2022-01-04 17:10,20.75,21.2,12.8,458,42,30,-0.74585
2022-01-04 17:10,20.8125,21.3,12.9,453,42,30,-0.7673
2022-01-04 17:10,20.75,21.2,12.9,453,42,30,-0.77225
2022-01-04 17:11,20.75,21.3,13,453,42,30,-0.74915
2022-01-04 17:11,20.75,21.2,12.9,442,42,30,-0.76895
2022-01-04 17:11,20.75,21.3,13,442,42,30,-0.7838
2022-01-04 17:11,20.75,21.3,13,521,43,30,-0.7706
2022-01-04 17:11,20.75,21.3,13,521,43,30,-0.7706
2022-01-04 17:11,20.75,21.3,13,521,43,30,-0.77555
2022-01-04 17:35,22.5625,22.7,12.2,401,45,30,-0.78875
2022-01-04 17:35,22.5625,22.7,12.3,401,45,38,0.8992
2022-01-04 17:35,22.5625,22.7,12.3,400,47,29,-4.25705
2022-01-04 17:35,22.5625,22.7,12.3,400,47,38,0.8992
2022-01-04 17:35,22.5,22.7,12.3,400,47,30,-0.8036
2022-01-04 17:35,22.5,22.7,12.2,404,49,38,0.8926
2022-01-04 17:35,22.5625,22.7,12.3,404,49,30,-0.8003
2022-01-04 17:35,22.5625,22.7,12.5,402,48,37,13.0251
2022-01-04 17:35,22.5625,22.7,12.4,402,48,38,0.79525
2022-01-04 17:35,22.5625,22.7,12.4,402,48,30,-0.8531
2022-01-04 17:36,22.5625,22.7,12.4,402,50,38,0.8365
2022-01-04 17:36,22.5625,22.7,12.5,402,50,30,-0.8399
2022-01-04 17:36,22.5625,22.7,12.5,4297,48,37,0.83815
2022-01-04 17:36,22.5625,22.7,12.4,4297,48,30,-0.84155
2022-01-04 17:36,22.5625,22.7,12.4,4297,48,38,0.8266
2022-01-04 17:36,22.5625,22.7,12.4,4900,47,30,-0.84155
2022-01-04 17:36,22.5625,22.7,12.4,4900,47,38,0.61045
2022-01-05 23:19,22.8125,23.9,17.3,3025,47,84,0.6352
2022-01-05 23:19,22.8125,23.9,17.3,3025,47,75,-1.0214
2022-01-05 23:19,22.875,23.9,17.3,3067,47,84,0.63355
2022-01-05 23:19,22.8125,23.9,17.3,3067,47,82,0.622
2022-01-05 23:19,22.875,23.9,17.3,3113,47,84,0.6253
2022-01-05 23:19,22.8125,23.9,17.3,3113,47,84,0.6319
2022-01-05 23:19,22.8125,23.9,17.3,3113,47,84,-0.5297
2022-01-05 23:19,22.8125,23.9,17.3,3320,48,75,-1.03625
2022-01-05 23:19,22.8125,23.9,17.3,3320,48,75,0.3184
2022-01-05 23:19,22.875,23.9,17.3,3949,48,84,0.6319
2022-01-05 23:19,22.8125,23.9,17.3,3949,48,75,-1.0709
2022-01-05 23:19,22.8125,23.9,17.3,3949,48,84,0.62365
2022-01-05 23:19,22.8125,23.9,17.3,4373,48,84,0.63025
2022-01-05 23:20,22.8125,23.9,17.3,4373,48,84,0.63355
2022-01-05 23:20,22.875,23.9,17.3,4377,48,75,-1.0676
2022-01-05 23:20,22.8125,23.9,17.2,4377,48,84,0.6286
2022-01-05 23:20,22.8125,23.9,17.2,4377,48,84,0.63025
2022-01-05 23:20,22.8125,23.9,17.2,4747,49,84,0.5956
2022-01-05 23:20,22.875,23.9,17.2,4747,49,84,0.61705
2022-01-05 23:21,22.8125,23.9,17.2,4294,47,84,0.50815
2022-01-05 23:21,22.8125,23.9,17.2,4294,47,75,-1.06265
2022-01-05 23:21,22.8125,23.9,17.2,4148,47,80,-3.6746
2022-01-05 23:21,22.8125,23.9,17.2,4148,47,75,-1.05935
2022-01-05 23:21,22.8125,23.9,17.2,4148,47,75,-1.0544
2022-01-05 23:21,22.8125,23.9,17.2,3041,47,84,0.60385
2022-01-05 23:21,22.8125,23.9,17.2,3041,47,74,0.62695
2022-01-05 23:21,22.8125,23.9,17.2,2381,47,78,-2.5196
2022-01-05 23:21,22.8125,23.9,17.2,2381,47,74,-1.06265
2022-01-05 23:21,22.8125,23.9,17.2,2381,47,73,-1.06925
2022-01-05 23:21,22.75,23.9,17.2,1683,47,81,0.6154
2022-01-05 23:21,22.8125,24,17.2,1683,47,81,0.61705
2022-01-05 23:21,22.8125,23.9,17.2,1610,47,78,-2.26385
2022-01-05 23:21,22.8125,23.9,17.2,1610,47,81,-0.0677
2022-01-05 23:21,22.75,23.9,17.2,1610,47,72,-1.0742
2022-01-05 23:21,22.8125,23.9,17.2,1428,46,80,-0.0215
2022-01-05 23:21,22.8125,23.9,17.2,1428,46,80,0.61375
2022-01-05 23:21,22.8125,23.9,17.2,1380,46,70,-3.67295
2022-01-05 23:21,22.8125,23.9,17.2,1380,46,80,0.622
2022-01-05 23:22,22.8125,23.9,17.1,1380,46,73,-1.10225
2022-01-05 23:22,22.75,23.9,17.1,1315,46,81,0.5989
2022-01-05 23:22,22.75,23.9,17.1,1315,46,73,-1.06265
2022-01-05 23:22,22.75,23.9,17.1,1305,47,78,0.3349
2022-01-05 23:22,22.8125,23.9,17.1,1305,47,80,0.6187
2022-01-05 23:22,22.75,23.9,17.1,1305,47,81,0.6286
2022-01-05 23:22,22.75,24,17.2,1288,47,81,0.6319
2022-01-05 23:22,22.8125,23.9,17.2,1288,47,81,-0.72605
2022-01-05 23:22,22.8125,23.9,17.2,1267,47,72,-1.0808
2022-01-05 23:22,22.75,23.9,17.1,1267,47,80,0.50815
2022-01-05 23:22,22.75,23.9,17.2,1267,47,72,-1.0676
2022-01-05 23:22,22.8125,23.9,17.1,1273,47,72,-1.0709
2022-01-05 23:22,22.8125,24,17.2,1273,47,72,-1.06925
2022-01-05 23:22,22.8125,23.9,16.9,1276,46,80,0.63025
2022-01-05 23:22,22.8125,24,17.1,1276,46,80,0.6121
2022-01-05 23:22,22.75,23.9,17.1,1276,46,73,-1.0742
2022-01-05 23:22,22.8125,23.9,17.1,1217,46,81,0.61705
2022-01-05 23:22,22.8125,23.9,17.1,1217,46,80,0.6022
2022-01-05 23:22,22.8125,23.9,17.1,1200,47,80,0.48175
2022-01-05 23:22,22.8125,24,17.1,1200,47,74,-1.0676
2022-01-05 23:22,22.8125,24,17.2,1200,47,81,-1.6616
2022-01-05 23:22,22.75,23.9,17.1,1207,46,81,0.6286
2022-01-05 23:22,22.75,23.9,17.1,1207,46,81,0.6187
2022-01-05 23:22,22.8125,24,17.1,1214,46,81,0.6319
2022-01-05 23:22,22.8125,24,17.2,1214,46,72,0.6088
2022-01-05 23:22,22.8125,23.9,17.1,1214,46,80,0.61705
2022-01-05 23:22,22.75,23.9,17.1,1214,46,72,-1.05935
2022-01-05 23:22,22.75,24,17.1,1214,46,80,0.6022
2022-01-05 23:22,22.8125,23.9,17.1,1214,46,80,0.61375
2022-01-05 23:22,22.75,23.9,17.1,1214,46,80,0.62695
2022-01-05 23:23,22.75,23.9,17.1,1214,46,80,0.64015
2022-01-05 23:23,22.8125,24,17.1,1217,46,80,-0.0281
2022-01-05 23:23,22.8125,24,17.1,1217,46,80,0.6319
2022-01-05 23:23,22.8125,24,17.1,1215,46,72,0.1996
2022-01-05 23:40,23,24.4,17.1,401,46,60,-1.0742
2022-01-05 23:40,23,24.4,17.1,401,46,60,-1.11545
2022-01-05 23:40,23.0625,24.4,17.1,402,46,60,-1.0742
2022-01-05 23:40,23,24.4,17.1,402,46,60,-1.0643
2022-01-05 23:40,23,24.4,17.1,400,46,60,-1.05275
2022-01-05 23:40,23.0625,24.4,17.1,400,46,60,-1.0808
2022-01-05 23:40,23,24.4,17.1,400,46,60,-1.08245
2022-01-05 23:40,23.0625,24.4,17.1,402,46,58,-1.0907
2022-01-05 23:40,23,24.4,17.1,402,46,58,-1.03625
2022-01-05 23:40,23.0625,24.4,17.1,404,45,60,-1.0676
2022-01-05 23:40,23.0625,24.4,17.1,404,45,67,-0.13865
2022-01-05 23:40,23.0625,24.4,17.1,404,45,67,0.6055
2022-01-05 23:40,23.0625,24.4,17.1,403,46,58,-1.09565
2022-01-05 23:40,23.0625,24.4,17.1,403,46,60,-1.00325
2022-01-05 23:40,23.0625,24.4,17.1,401,46,58,-1.08245
2022-01-05 23:40,23.0625,24.4,17.1,401,46,58,-1.08245
2022-01-05 23:40,23,24.4,17.1,401,46,58,-1.09235
2022-01-05 23:40,23,24.4,17.1,404,46,58,-1.09235
2022-01-05 23:40,23,24.4,17.1,404,46,58,-1.08575
2022-01-05 23:40,23.0625,24.4,17.1,402,46,58,-1.0907
2022-01-05 23:40,23,24.4,17.1,402,46,58,-1.06925
2022-01-05 23:40,23,24.4,17.1,402,46,58,-1.07915
2022-01-05 23:41,23,24.4,17.1,402,46,58,-1.08575
2022-01-05 23:41,23,24.4,17,402,46,58,-1.07585
2022-01-05 23:41,23.0625,24.4,17,403,46,58,-1.0775
2022-01-05 23:41,23,24.4,17,403,46,58,-1.0973
2022-01-05 23:41,23,24.4,17,403,46,58,-1.07255
2022-01-05 23:41,23,24.4,17,401,46,58,-1.06595
2022-01-05 23:41,23,24.4,17,401,46,58,-1.1039
2022-01-05 23:41,23.0625,24.4,17,400,46,58,-1.07585
2022-01-05 23:41,23,24.4,17,400,46,67,0.6121
2022-01-05 23:41,23,24.5,17.1,400,46,784,0.59395
2022-01-05 23:41,23,24.4,17,402,46,1024,-0.12875
2022-01-05 23:41,23,24.4,17.1,402,46,183,0.59395
2022-01-05 23:41,23.0625,24.4,17.1,403,46,123,-0.02315
2022-01-05 23:41,23.0625,24.4,17.1,403,46,97,0.60385
2022-01-05 23:41,23,24.4,17.1,403,46,79,0.60385
2022-01-05 23:41,23.0625,24.4,17.1,401,46,84,0.6055
2022-01-05 23:41,22.9375,24.4,17.1,401,46,79,0.60715
2022-01-05 23:41,23,24.4,17,401,46,69,-1.06265
2022-01-05 23:41,23,24.4,17,401,46,68,-1.0643
2022-01-05 23:41,23,24.4,17,401,46,75,0.60385
2022-01-05 23:41,23,24.4,17.1,400,46,74,0.6055
2022-01-05 23:41,23,24.4,17,400,46,74,0.6055
2022-01-05 23:41,23,24.4,17,403,46,72,0.6055
2022-01-05 23:41,23,24.4,17,403,46,74,-0.72605
2022-01-05 23:41,23,24.4,17,403,46,64,-1.08905
2022-01-05 23:41,23,24.4,17,406,46,72,0.49495
2022-01-05 23:41,23,24.4,17,406,46,70,0.6055
2022-01-05 23:41,23,24.4,17,406,46,64,-1.08575
2022-01-05 23:41,23,24.4,17,406,46,72,0.60715
2022-01-05 23:41,22.9375,24.4,17,406,46,70,0.6088
2022-01-05 23:42,23,24.5,17,407,46,70,0.60715
2022-01-05 23:42,22.9375,24.4,17,407,46,62,-1.07585
2022-01-05 23:42,23,24.4,17,409,46,70,0.5857
2022-01-05 23:42,22.9375,24.4,17,409,46,226,0.5989
2022-01-05 23:42,22.9375,24.5,17,409,46,133,0.46855
2022-01-05 23:42,23,24.4,17,413,46,89,-1.0973
2022-01-05 23:42,23,24.5,17,413,46,85,-0.2855
2022-01-05 23:42,23,24.4,17,415,46,114,0.58405
2022-01-05 23:42,23,24.4,17,415,46,137,0.6022
2022-01-05 23:42,23,24.5,17,415,46,103,-4.19105
2022-01-05 23:42,23,24.5,17,563,42,79,0.59725
2022-01-05 23:42,23,24.4,17,563,42,81,0.6088
2022-01-05 23:42,23,24.5,17,402,43,69,-1.0907
2022-01-05 23:42,23,24.4,17,402,43,77,0.6022
2022-01-05 23:42,23,24.5,17,404,40,74,-3.74225
2022-01-05 23:42,22.9375,24.4,17,404,40,75,0.55105
2022-01-05 23:42,23,24.5,17.1,404,40,75,0.5626
2022-01-05 23:42,23,24.5,17,404,42,74,-0.137
2022-01-05 23:42,23,24.4,17,404,42,74,0.5527
2022-01-05 23:42,23,24.5,17,400,44,69,-3.74555
2022-01-05 23:42,23,24.5,17,400,44,72,0.55435
2022-01-05 23:42,23,24.4,17,400,44,65,0.5461
2022-01-05 23:42,23,24.4,17,403,44,72,0.55105
2022-01-05 23:42,23,24.4,17,403,44,72,0.55765
2022-01-05 23:42,23,24.4,17,401,44,69,-2.8298
2022-01-05 23:42,23,24.5,17,401,44,64,-1.1369
2022-01-05 23:42,23,24.5,17,401,44,70,0.5527
2022-01-05 23:42,23,24.5,17,404,44,70,0.55765
2022-01-05 23:42,23.0625,24.4,17,404,44,70,0.55765
2022-01-05 23:42,23,24.5,17,402,45,67,-2.4305
2022-01-05 23:43,23,24.5,17,402,45,69,-0.8333
2022-01-05 23:43,23,24.5,17,402,45,61,-1.1369
2022-01-05 23:43,23,24.5,17,404,44,69,0.4636
2022-01-05 23:43,23,24.5,17,404,44,68,0.5692
2022-01-05 23:43,23,24.5,17,402,44,58,-3.7604
2022-01-05 23:43,23,24.5,17,402,44,68,0.57415
2022-01-05 23:43,23,24.5,17,402,44,68,0.5692
2022-01-05 23:43,23,24.4,17,404,44,68,0.56755
2022-01-05 23:43,23,24.5,17,404,44,60,-1.1336
2022-01-05 23:43,23,24.5,17,404,44,67,-2.0972
2022-01-05 23:43,23,24.5,17,404,44,68,0.56095
2022-01-05 23:43,23,24.5,17,404,44,68,0.3019
2022-01-05 23:43,23,24.5,17,400,44,60,-1.14845
2022-01-05 23:43,23,24.5,17,400,44,68,-0.31355
2022-01-05 23:43,23,24.5,17,400,45,68,0.5263
2022-01-05 23:43,23,24.5,17,400,45,60,0.53785
2022-01-05 23:43,23,24.5,17,400,45,67,0.54115
2022-01-05 23:43,23,24.5,17,400,45,60,-1.14845
2022-01-05 23:43,23,24.4,17,400,45,68,0.56425
2022-01-05 23:43,23,24.5,17,401,45,60,-1.1138
2022-01-05 23:43,23,24.5,17,401,45,67,0.5725
2022-01-05 23:43,22.9375,24.5,17,401,45,67,0.55435
2022-01-05 23:43,23,24.5,17,401,45,67,0.53455
2022-01-05 23:43,23,24.4,16.9,401,45,67,0.55105
2022-01-05 23:43,23,24.5,17,404,44,67,-0.335
2022-01-05 23:43,23,24.5,17,404,44,67,0.57085
2022-01-05 23:43,23,24.5,17,404,44,67,0.1336
2022-01-05 23:43,23,24.5,17,401,50,67,0.56755
2022-01-05 23:43,23,24.5,17,401,50,58,0.56755
2022-01-05 23:43,23.0625,24.5,17,400,47,67,0.54445
2022-01-05 23:44,23.0625,24.4,17,400,47,67,0.5626
2022-01-05 23:44,23.0625,24.5,17,400,47,67,0.51805
2022-01-05 23:44,23.0625,24.5,17,404,46,58,-1.16825
2022-01-05 23:44,23.0625,24.5,17,404,46,67,0.5197
2022-01-05 23:44,23.0625,24.5,17,401,45,64,0.5395
2022-01-05 23:44,23.0625,24.5,17,401,45,64,0.5428
2022-01-05 23:44,23,24.5,17,401,45,64,0.5593
2022-01-05 23:44,23.0625,24.5,17,401,45,64,-0.72935
2022-01-05 23:44,23,24.5,17,401,45,55,-1.1435
2022-01-05 23:44,23.0625,24.5,17,401,45,64,0.54775
2022-01-05 23:44,23,24.5,17,401,45,62,0.5593
2022-01-05 23:44,23,24.5,17,401,45,55,0.55105
2022-01-05 23:44,23.0625,24.5,16.9,401,45,63,0.5626
2022-01-05 23:44,23,24.5,16.9,401,45,62,0.5626
2022-01-05 23:44,23.0625,24.5,17,401,44,62,0.5725
2022-01-05 23:44,23,24.5,17,401,44,62,0.5659
2022-01-05 23:44,23,24.5,16.9,401,44,62,0.56755
2022-01-05 23:44,23.0625,24.5,16.9,402,44,62,0.5659
2022-01-05 23:44,23.0625,24.5,16.9,402,44,63,0.0907
2022-01-05 23:44,23.0625,24.5,16.9,401,44,55,-1.12535
2022-01-05 23:44,23,24.5,17,401,44,62,-0.2789
2022-01-05 23:44,23,24.5,16.9,401,44,62,0.56425
2022-01-05 23:44,23,24.5,17,404,44,55,-1.1138
2022-01-05 23:44,23,24.4,16.9,404,44,62,0.57085
2022-01-05 23:44,23.0625,24.5,16.9,403,45,54,-1.1435
2022-01-05 23:44,23,24.5,16.9,403,45,62,0.56755
2022-01-05 23:44,23.0625,24.5,17,403,45,55,-1.11215
2022-01-05 23:44,23,24.5,16.9,402,45,62,0.5692
2022-01-05 23:44,23,24.5,17,402,45,62,0.5494
2022-01-05 23:45,23.0625,24.5,17,402,45,62,0.5692
2022-01-05 23:45,23,24.5,16.9,402,45,55,-1.1072
2022-01-05 23:45,23,24.5,17,402,45,55,-1.1204
2022-01-05 23:45,23.0625,24.5,17,404,45,55,-1.1204
2022-01-05 23:45,23,24.5,17,404,45,62,0.14515
2022-01-05 23:45,23.0625,24.5,17,401,44,62,0.5659
2022-01-05 23:45,23.0625,24.5,17,401,44,54,-1.1138
2022-01-05 23:45,23.0625,24.5,17,401,44,62,0.556
2022-01-05 23:45,23.0625,24.5,17,401,44,62,0.5692
2022-01-05 23:45,23,24.5,17,401,44,54,-1.1105
2022-01-05 23:45,23,24.5,17,404,44,62,0.57085
2022-01-05 23:45,23.0625,24.5,16.9,404,44,62,0.5692
2022-01-05 23:45,23.0625,24.5,17,404,44,62,0.5725
2022-01-05 23:45,23.0625,24.5,17,402,44,62,0.4438
2022-01-05 23:45,23.0625,24.5,16.9,402,44,62,0.556
2022-01-05 23:45,23,24.5,16.9,404,44,62,-0.4472
2022-01-05 23:45,23,24.5,16.9,404,44,54,-1.1237
2022-01-05 23:45,23,24.5,16.9,404,44,62,-4.58045
2022-01-05 23:45,23,24.5,16.9,402,44,62,0.5428
2022-01-05 23:45,23.0625,24.5,16.9,402,44,53,-1.13525
2022-01-05 23:45,23,24.5,16.9,400,44,62,0.5494
2022-01-05 23:45,23.0625,24.5,16.9,400,44,53,-1.127
2022-01-05 23:45,23.0625,24.5,16.9,402,41,60,-3.6845
2022-01-05 23:45,23.0625,24.5,16.9,402,41,62,0.56425
2022-01-05 23:45,23,24.5,17,402,41,62,0.57085
2022-01-05 23:45,23.0625,24.5,16.9,400,43,62,0.5626
2022-01-05 23:45,23.0625,24.5,16.9,400,43,62,0.0973
2022-01-05 23:45,23,24.5,16.9,403,43,51,-4.6019
2022-01-05 23:45,23.0625,24.5,16.9,403,43,62,-0.2789
2022-01-05 23:45,23,24.5,16.9,403,43,62,0.5725
2022-01-05 23:46,23.0625,24.5,17,400,44,53,0.57085
2022-01-05 23:46,23.0625,24.5,16.9,400,44,61,0.55765
2022-01-05 23:46,23.0625,24.5,16.9,402,44,51,-2.72585
2022-01-05 23:46,23.0625,24.5,16.9,402,44,61,0.5461
2022-01-05 23:46,23.0625,24.5,16.9,402,44,52,-1.1336
2022-01-05 23:46,23.0625,24.5,16.9,403,44,61,0.56095
2022-01-05 23:46,23.0625,24.5,16.9,403,44,61,0.5065
2022-01-05 23:46,23.0625,24.5,16.9,403,44,60,-2.34305
2022-01-05 23:46,23.0625,24.5,16.9,403,44,61,0.57085
2022-01-05 23:46,23.0625,24.5,16.9,403,44,61,-0.73925
2022-01-05 23:46,23.0625,24.5,16.9,400,44,52,-1.14185
2022-01-05 23:46,23.0625,24.5,16.9,400,44,61,0.1369
2022-01-05 23:46,23.125,24.5,16.9,404,44,60,-2.17145
2022-01-05 23:46,23.0625,24.5,16.9,404,44,52,-1.1138
2022-01-05 23:46,23.0625,24.5,16.9,404,44,62,0.5692
2022-01-05 23:46,23.0625,24.5,16.9,404,44,61,0.57085
2022-01-05 23:46,23.125,24.5,16.9,404,44,62,0.5659
2022-01-05 23:46,23.125,24.5,16.9,402,44,51,-3.6482
2022-01-05 23:46,23.125,24.5,16.9,402,44,61,0.5659
2022-01-05 23:46,23.0625,24.5,16.9,402,44,61,0.5593
2022-01-05 23:46,23.0625,24.5,16.9,404,44,61,0.4471
2022-01-05 23:46,23.0625,24.5,16.9,404,44,61,0.56755
2022-01-05 23:46,23.0625,24.5,16.9,402,44,61,-0.24095
2022-01-05 23:46,23.0625,24.5,16.9,402,44,52,-1.13525
2022-01-05 23:46,23.0625,24.5,16.9,402,44,61,0.5692
2022-01-05 23:46,23.0625,24.5,16.9,400,45,61,0.5857
2022-01-05 23:46,23.0625,24.5,16.9,400,45,52,0.5758
2022-01-05 23:46,23.125,24.5,16.9,403,45,61,0.5659
2022-01-05 23:46,23.0625,24.5,16.9,403,45,52,-1.1105
2022-01-05 23:46,23.0625,24.5,16.9,403,45,61,0.57745
2022-01-05 23:47,23.0625,24.5,16.9,401,44,61,0.5626
2022-01-05 23:47,23.0625,24.5,16.9,401,44,61,0.57085
2022-01-05 23:47,23.0625,24.5,16.9,404,44,61,0.57415
2022-01-05 23:47,23.0625,24.5,16.9,404,44,61,-0.13535
2022-01-05 23:47,23.0625,24.5,16.9,404,44,61,0.5692
2022-01-05 23:47,23.0625,24.5,16.9,401,44,61,-0.11555
2022-01-05 23:47,23.0625,24.5,16.9,401,44,61,0.5626
2022-01-05 23:47,23.0625,24.5,16.9,402,44,52,0.56425
2022-01-05 23:47,23.0625,24.5,16.9,402,44,61,0.5692
2022-01-05 23:47,23.0625,24.5,16.9,402,44,52,0.5362
2022-01-05 23:47,23.0625,24.5,16.9,404,44,61,0.56095
2022-01-05 23:47,23.0625,24.5,16.9,404,44,52,-1.1336
2022-01-05 23:47,23.0625,24.5,16.9,404,44,61,0.56425
2022-01-05 23:47,23.0625,24.5,16.9,404,44,61,0.5626
2022-01-05 23:47,23.0625,24.5,16.9,404,44,61,0.5758
2022-01-05 23:47,23.0625,24.5,16.9,404,44,61,0.57415
2022-01-05 23:47,23.0625,24.5,16.9,404,44,61,-0.797
2022-01-05 23:47,23.125,24.5,16.9,404,44,52,-1.12865
2022-01-05 23:47,23.125,24.5,16.9,404,44,61,0.4636
2022-01-05 23:47,23.0625,24.5,16.9,404,44,61,0.5461
2022-01-05 23:47,23.0625,24.5,16.9,404,44,52,-1.13855
2022-01-05 23:47,23.0625,24.5,16.9,404,44,61,0.57415
2022-01-05 23:47,23.125,24.5,16.9,403,44,61,0.5692
2022-01-05 23:47,23.0625,24.5,16.9,403,44,61,0.5593
2022-01-05 23:47,23.0625,24.5,16.9,403,44,52,-1.1105
2022-01-05 23:47,23.125,24.5,16.8,401,45,61,0.5659
2022-01-05 23:47,23.125,24.5,16.8,401,45,61,0.56755
2022-01-05 23:47,23.125,24.5,16.9,404,44,61,0.31345
2022-01-05 23:47,23.0625,24.5,16.9,404,44,52,-1.1138
2022-01-05 23:47,23.125,24.5,16.8,404,44,61,-0.3581
2022-01-05 23:48,23.0625,24.5,16.9,402,44,61,0.5725
2022-01-05 23:48,23.0625,24.5,16.9,402,44,61,0.57745
2022-01-05 23:48,23.125,24.5,16.9,401,44,61,0.5593
2022-01-05 23:48,23.0625,24.5,16.9,401,44,52,0.5626
2022-01-05 23:48,23.125,24.5,16.9,401,44,61,0.57745
2022-01-05 23:48,23.125,24.5,16.9,403,44,52,-1.11545
2022-01-05 23:48,23.125,24.5,16.9,403,44,61,0.54775
2022-01-05 23:48,23.125,24.5,16.9,400,44,61,0.56425
2022-01-05 23:48,23.125,24.5,16.9,400,44,61,0.5692
2022-01-05 23:48,23.125,24.5,16.9,400,44,61,0.57085
2022-01-05 23:48,23.0625,24.5,16.9,400,44,61,-0.08585
2022-01-05 23:48,23.0625,24.5,16.9,400,44,61,0.58075
2022-01-05 23:48,23.125,24.5,16.9,403,44,52,-1.13855
2022-01-05 23:48,23.0625,24.5,16.9,403,44,61,0.56095
2022-01-05 23:48,23.125,24.5,16.9,403,44,52,-1.1204
2022-01-05 23:48,23.125,24.5,16.9,400,44,51,-1.12535
2022-01-05 23:48,23.0625,24.5,16.9,400,44,61,0.5626
2022-01-05 23:48,23.125,24.5,16.9,404,44,61,0.5692
2022-01-05 23:48,23.0625,24.5,16.9,404,44,52,-1.13195
2022-01-05 23:48,23.0625,24.5,16.9,404,44,61,0.5725
2022-01-05 23:48,23.125,24.5,16.9,401,44,61,0.57745
2022-01-05 23:48,23.0625,24.5,16.9,401,44,61,0.57745
2022-01-05 23:48,23.125,24.5,16.9,403,44,61,0.57745
2022-01-05 23:48,23.0625,24.5,16.9,403,44,61,-0.6782
2022-01-05 23:48,23.125,24.5,16.9,403,44,50,-5.39225
2022-01-05 23:48,23.125,24.5,16.9,400,44,61,0.4735
2022-01-05 23:48,23.125,24.5,16.9,400,44,60,0.5791
2022-01-05 23:48,23.75,24.5,16.9,401,44,51,-1.11215
2022-01-05 23:48,24.625,24.5,16.9,401,44,60,0.5791
2022-01-05 23:48,25.5,24.5,16.9,402,44,57,-3.69605
2022-01-05 23:49,26.125,24.5,16.9,402,44,60,0.58075
2022-01-05 23:49,26.625,24.5,16.9,402,44,51,-1.1138
2022-01-05 23:49,27.0625,24.5,16.9,400,44,51,-1.10225
2022-01-05 23:49,27.5,24.5,16.9,400,44,60,0.5626
2022-01-05 23:49,27.8125,24.5,16.9,400,44,57,-3.4073
2022-01-05 23:49,28.0625,24.5,16.9,400,44,60,0.57745
2022-01-05 23:49,28.3125,24.5,16.9,400,44,60,-0.29375
2022-01-05 23:49,28.5625,24.5,16.9,402,44,51,-1.10885
2022-01-05 23:49,28.75,24.5,16.9,402,44,51,0.57745
2022-01-05 23:49,28.875,24.5,16.8,403,44,57,-2.60705
2022-01-05 23:49,29.0625,24.5,16.9,403,44,50,0.5791
2022-01-05 23:49,29.125,24.5,16.8,403,44,57,0.5791
2022-01-05 23:49,29.125,24.5,16.8,403,45,49,-1.16
2022-01-05 23:49,29,24.5,16.8,403,45,57,0.5692
2022-01-05 23:49,28.9375,24.5,16.9,402,45,55,-2.32325
2022-01-05 23:49,28.8125,24.5,16.9,402,45,57,0.523
2022-01-05 23:49,28.8125,24.5,16.9,402,45,49,-1.1105
2022-01-05 23:49,28.6875,24.5,16.9,404,45,49,-1.1237
2022-01-05 23:49,28.625,24.5,16.9,404,45,49,-1.1303
2022-01-05 23:49,28.5625,24.5,16.9,401,44,55,-2.513
2022-01-05 23:49,28.5,24.5,16.9,401,44,57,0.5725
2022-01-05 23:49,28.4375,24.5,16.9,401,44,49,-1.1138
2022-01-05 23:49,28.3125,24.5,16.9,404,44,49,-1.1336
2022-01-05 23:49,28.3125,24.5,16.9,404,44,57,0.57085
2022-01-05 23:49,28.1875,24.5,16.8,401,44,56,-2.05925
2022-01-05 23:49,28.125,24.5,16.9,401,44,49,-1.12205
2022-01-05 23:49,28.125,24.5,16.8,401,44,57,0.5725
2022-01-05 23:49,28,24.5,16.8,401,44,49,-1.1204
2022-01-05 23:49,28,24.5,16.8,401,44,56,0.5527
2022-01-05 23:49,27.9375,24.5,16.8,403,44,56,0.5659
2022-01-05 23:50,27.875,24.5,16.8,403,44,55,-1.2095
2022-01-05 23:50,27.875,24.5,16.8,403,44,48,-1.1402
2022-01-05 23:50,27.75,24.5,16.8,400,44,48,-1.36955
2022-01-05 23:50,27.75,24.5,16.8,400,44,55,0.5593
2022-01-05 23:50,27.6875,24.5,16.8,401,44,46,-1.1105
2022-01-05 23:50,27.6875,24.5,16.8,401,44,55,0.56425
2022-01-05 23:50,27.625,24.5,16.9,401,44,48,-1.12535
2022-01-05 23:50,27.5625,24.5,16.8,404,45,46,-1.1138
2022-01-05 23:50,27.5,24.5,16.8,404,45,48,-1.1006
2022-01-05 23:50,27.4375,24.5,16.8,401,45,48,-1.10885
2022-01-05 23:50,27.375,24.5,16.8,401,45,55,0.5692
2022-01-05 23:50,27.375,24.5,16.8,401,45,56,0.12865
2022-01-05 23:50,27.3125,24.5,16.8,402,45,46,-1.11875
2022-01-05 23:50,27.3125,24.5,16.8,402,45,48,-0.26405
2022-01-05 23:50,27.25,24.5,16.8,403,44,46,-1.10885
2022-01-05 23:50,27.25,24.5,16.8,403,44,46,-1.2458
2022-01-05 23:50,27.1875,24.5,16.8,403,44,56,0.5725
2022-01-05 23:50,27.125,24.5,16.8,401,44,48,-1.11215
2022-01-05 23:50,27.125,24.5,16.8,401,44,55,0.56755
2022-01-05 23:50,27.0625,24.5,16.8,404,44,46,-1.1072
2022-01-05 23:50,27,24.5,16.8,404,44,55,0.57745
2022-01-05 23:50,27,24.5,16.8,404,44,46,-1.1237
2022-01-05 23:50,26.9375,24.5,16.8,400,44,55,0.56755
2022-01-05 23:50,26.9375,24.5,16.8,400,44,55,0.55765
2022-01-05 23:50,26.9375,24.5,16.8,402,44,46,-1.1402
2022-01-05 23:50,26.8125,24.5,16.8,402,44,48,-1.1204
2022-01-05 23:50,26.8125,24.5,16.8,402,44,55,0.09235
2022-01-05 23:50,26.75,24.5,16.8,402,44,46,-1.127
2022-01-05 23:50,26.75,24.5,16.8,402,44,46,-1.1204
2022-01-05 23:50,26.75,24.6,16.9,404,44,46,-1.1072
2022-01-05 23:51,26.625,24.6,16.9,404,44,55,0.5626
2022-01-05 23:51,26.625,24.5,16.8,404,44,46,-1.10885
2022-01-05 23:51,26.625,24.5,16.8,400,44,46,-1.09895
2022-01-05 23:51,26.625,24.5,16.8,400,44,55,0.556
2022-01-05 23:51,26.625,24.5,16.8,400,44,46,-1.127
2022-01-05 23:51,26.5,24.5,16.8,400,44,55,0.56425
2022-01-05 23:51,26.5,24.6,16.9,400,44,55,0.5329
2022-01-05 23:51,26.5,24.6,16.9,402,45,55,-1.4372
2022-01-05 23:51,26.4375,24.5,16.8,402,45,46,-1.1765
2022-01-05 23:51,26.4375,24.5,16.8,404,45,55,-1.1336
2022-01-05 23:51,26.375,24.5,16.8,404,45,55,0.556
2022-01-05 23:51,26.375,24.5,16.8,404,45,46,0.5593
2022-01-05 23:51,26.3125,24.6,16.9,400,44,55,0.5494
2022-01-05 23:51,26.3125,24.5,16.8,400,44,55,0.5692
2022-01-05 23:51,26.3125,24.5,16.8,401,44,46,-1.11215
2022-01-05 23:51,26.25,24.5,16.8,401,44,46,-1.11545
2022-01-05 23:51,26.1875,24.5,16.8,401,44,55,0.56095
2022-01-05 23:51,26.1875,24.5,16.8,404,44,46,-1.1402
2022-01-05 23:51,26.1875,24.6,16.9,404,44,55,0.1138
2022-01-05 23:51,26.125,24.5,16.8,402,45,46,-1.1204
2022-01-05 23:51,26.0625,24.6,16.9,402,45,55,-0.21455
2022-01-05 23:51,26.0625,24.6,16.9,402,45,55,0.56755
2022-01-05 23:51,26.0625,24.5,16.8,403,45,46,-1.12205
2022-01-05 23:51,26,24.5,16.8,403,45,55,0.5593
2022-01-05 23:51,26,24.6,16.8,401,45,46,-1.14515
2022-01-05 23:51,26,24.5,16.8,401,45,46,-1.14845
2022-01-05 23:51,25.9375,24.6,16.8,401,45,46,-1.11875
2022-01-05 23:51,25.875,24.6,16.8,400,45,46,-1.11545
2022-01-05 23:51,25.875,24.6,16.8,400,45,46,-1.1534
2022-01-05 23:51,25.875,24.6,16.8,401,44,46,-1.12535
2022-01-05 23:52,25.8125,24.5,16.8,401,44,46,-1.12535
2022-01-05 23:52,25.8125,24.6,16.8,401,44,44,-5.3741
2022-01-05 23:52,25.8125,24.6,16.8,404,44,46,-1.12865
2022-01-05 23:52,25.75,24.6,16.8,404,44,46,-1.14185
2022-01-05 23:52,25.75,24.6,16.8,404,44,46,-1.127
2022-01-05 23:52,25.6875,24.6,16.8,404,44,46,-1.11545
2022-01-05 23:52,25.6875,24.6,16.8,403,44,45,-5.01275
2022-01-05 23:52,25.6875,24.6,16.8,403,44,46,-1.1303
2022-01-05 23:52,25.625,24.6,16.8,403,44,46,-1.1171
2022-01-05 23:52,25.625,24.6,16.8,404,45,46,-1.1171
2022-01-05 23:52,25.625,24.6,16.8,404,45,55,0.5494
2022-01-05 23:52,25.625,24.6,16.8,403,45,52,-3.0872
2022-01-05 23:52,25.5625,24.6,16.8,403,45,55,0.4471
2022-01-05 23:52,25.5625,24.6,16.8,403,45,55,0.5461
2022-01-05 23:52,25.5625,24.6,16.8,401,45,55,-1.44545
2022-01-05 23:52,25.5,24.6,16.8,401,45,46,-1.1798
2022-01-05 23:52,25.5,24.6,16.8,403,44,52,-4.03925
2022-01-05 23:52,25.5,24.6,16.8,403,44,55,0.5659
2022-01-05 23:52,25.4375,24.6,16.8,403,44,46,0.5593
2022-01-05 23:52,25.4375,24.6,16.8,403,44,46,-1.10885
2022-01-05 23:52,25.4375,24.6,16.8,403,44,46,-1.1468
2022-01-05 23:52,25.4375,24.6,16.8,403,44,52,-2.2985
2022-01-05 23:52,25.375,24.6,16.8,403,44,55,0.5626
2022-01-05 23:52,25.375,24.6,16.8,403,44,55,0.56755
2022-01-05 23:52,25.375,24.6,16.8,402,44,55,0.5626
2022-01-05 23:52,25.3125,24.6,16.8,402,44,55,-0.1007
2022-01-05 23:52,25.25,24.6,16.8,404,44,52,-2.14505
2022-01-05 23:52,25.25,24.6,16.8,404,44,55,-0.1238
2022-01-05 23:52,25.25,24.6,16.8,404,44,55,0.55765
2022-01-05 23:52,25.25,24.6,16.8,403,44,46,0.5626
2022-01-05 23:53,25.1875,24.6,16.7,403,44,55,0.5527
2022-01-05 23:53,25.1875,24.6,16.7,402,44,45,-2.07575
2022-01-05 23:53,25.1875,24.6,16.7,402,44,55,0.5725
2022-01-05 23:53,25.125,24.6,16.7,402,44,46,-1.11875
2022-01-05 23:53,25.1875,24.6,16.7,403,44,55,0.5725
2022-01-05 23:53,25.125,24.6,16.7,403,44,55,0.56425
2022-01-05 23:53,25.125,24.6,16.7,402,44,46,-1.11545
2022-01-05 23:53,25.125,24.6,16.7,402,44,46,-1.12535
2022-01-05 23:53,25.0625,24.6,16.7,402,44,55,-0.7739
2022-01-05 23:53,25.0625,24.6,16.7,404,44,46,-1.1402
2022-01-05 23:53,25.0625,24.6,16.7,404,44,55,0.47515
2022-01-05 23:53,25.0625,24.6,16.7,403,44,55,0.5725
2022-01-05 23:53,25,24.6,16.7,403,44,46,-1.12205
2022-01-05 23:53,25,24.7,16.8,403,44,55,0.5692
2022-01-05 23:53,25,24.6,16.7,402,44,55,0.56425
2022-01-05 23:53,25,24.6,16.7,402,44,55,0.5329
2022-01-05 23:53,25,24.6,16.8,400,44,46,-1.1072
2022-01-05 23:53,25,24.6,16.8,400,44,46,-1.11215
2022-01-05 23:53,25,24.6,16.7,400,44,55,0.5494
2022-01-05 23:53,24.875,24.6,16.7,404,45,46,-1.12205
2022-01-05 23:53,24.875,24.7,16.8,404,45,46,-1.1204
2022-01-05 23:53,24.875,24.6,16.7,404,44,55,-0.36635
2022-01-05 23:53,24.875,24.6,16.7,404,44,46,-1.13855
2022-01-05 23:53,24.875,24.6,16.7,404,44,55,0.5593
2022-01-05 23:53,24.8125,24.6,16.7,401,44,55,0.5659
2022-01-05 23:53,24.8125,24.6,16.7,401,44,46,0.55765
2022-01-05 23:53,24.875,24.6,16.7,402,44,55,0.5692
2022-01-05 23:53,24.8125,24.6,16.7,402,44,55,0.54775
2022-01-05 23:53,24.8125,24.6,16.7,402,44,55,0.5065
2022-01-05 23:53,24.75,24.6,16.7,402,44,46,-1.1435
2022-01-05 23:54,24.75,24.6,16.7,402,44,54,0.55435
2022-01-05 23:54,24.8125,24.6,16.7,402,44,55,0.5626
2022-01-05 23:54,24.75,24.6,16.7,402,44,55,-0.12545
2022-01-05 23:54,24.75,24.6,16.7,402,44,46,-1.11545
2022-01-05 23:54,24.75,24.6,16.7,404,44,54,-0.038
2022-01-05 23:54,24.6875,24.7,16.8,404,44,54,0.5659
2022-01-05 23:54,24.75,24.6,16.7,404,44,46,0.5758
2022-01-05 23:54,24.6875,24.7,16.7,404,44,55,0.56425
2022-01-05 23:54,24.6875,24.7,16.7,404,44,55,0.54445
2022-01-05 23:54,24.6875,24.6,16.7,402,44,55,0.556
2022-01-05 23:54,24.6875,24.6,16.7,402,44,46,-1.1237
2022-01-05 23:54,24.6875,24.6,16.7,402,45,55,0.556
2022-01-05 23:54,24.6875,24.7,16.7,402,45,55,0.54445
2022-01-05 23:54,24.625,24.6,16.7,402,45,54,0.5461
2022-01-05 23:54,24.625,24.7,16.7,400,45,55,0.5626
2022-01-05 23:54,24.625,24.6,16.7,400,45,54,-0.84485
2022-01-05 23:54,24.625,24.6,16.7,402,45,46,-1.127
2022-01-05 23:54,24.5625,24.6,16.7,402,45,54,0.45205
2022-01-05 23:54,24.5625,24.7,16.7,402,45,53,0.54775
2022-01-05 23:54,24.5625,24.6,16.7,404,45,46,-1.12205
2022-01-05 23:54,24.5625,24.7,16.7,404,45,55,0.54445
2022-01-05 23:54,24.5625,24.7,16.7,401,44,46,-1.1336
2022-01-05 23:54,24.5625,24.7,16.7,401,44,55,0.56425
2022-01-05 23:54,24.5625,24.6,16.7,401,44,46,-1.11875
2022-01-05 23:54,24.5,24.7,16.7,403,44,54,0.5725
2022-01-05 23:54,24.5,24.7,16.7,403,44,54,0.5659
2022-01-05 23:54,24.4375,24.6,16.7,402,45,55,0.31345
2022-01-05 23:54,24.5,24.6,16.7,402,45,55,0.57415
2022-01-05 23:54,24.5,24.7,16.7,402,45,55,-0.25415
2022-01-05 23:54,24.5,24.7,16.7,404,45,54,0.57745
2022-01-05 23:55,24.4375,24.7,16.7,404,45,55,0.56755
2022-01-05 23:55,24.4375,24.7,16.7,401,44,54,0.57745
2022-01-05 23:55,24.4375,24.6,16.7,401,44,46,0.5461
2022-01-05 23:55,24.4375,24.6,16.7,401,44,55,0.54775
2022-01-05 23:55,24.4375,24.7,16.7,403,44,46,-1.13195
2022-01-05 23:55,24.4375,24.7,16.7,403,44,54,0.5692
2022-01-05 23:55,24.4375,24.6,16.7,404,44,54,0.5659
2022-01-05 23:55,24.375,24.7,16.7,404,44,46,-1.1303
2022-01-05 23:55,24.375,24.7,16.7,404,44,43,-5.3873
2022-01-05 23:55,24.375,24.6,16.7,401,44,46,-1.127
2022-01-05 23:55,24.375,24.6,16.7,401,44,45,-1.12205
2022-01-05 23:55,24.375,24.7,16.7,404,44,53,-1.2029
2022-01-05 23:55,24.375,24.7,16.7,404,44,54,0.5593
2022-01-05 23:55,24.375,24.6,16.7,401,44,43,-4.91375
2022-01-05 23:55,24.3125,24.7,16.7,401,44,55,0.57085
2022-01-05 23:55,24.3125,24.6,16.7,401,44,53,0.5692
2022-01-05 23:55,24.3125,24.7,16.7,402,44,46,-1.11875
2022-01-05 23:55,24.375,24.7,16.7,402,44,54,0.56095
2022-01-05 23:55,24.3125,24.7,16.7,401,44,43,-4.38905
2022-01-05 23:55,24.3125,24.6,16.7,401,44,54,0.5626
2022-01-05 23:55,24.3125,24.7,16.7,401,44,45,-1.11545
2022-01-05 23:55,24.3125,24.6,16.7,402,44,45,-1.11215
2022-01-05 23:55,24.3125,24.7,16.7,402,44,54,-0.88775
2022-01-05 23:55,24.25,24.7,16.7,404,45,43,-4.0508
2022-01-05 23:55,24.25,24.7,16.7,404,45,54,-1.3019
2022-01-05 23:55,24.25,24.7,16.7,404,45,52,0.56095
2022-01-05 23:55,24.1875,24.7,16.7,403,45,46,-1.1138
2022-01-05 23:55,24.1875,24.7,16.7,403,45,46,-1.1204
2022-01-05 23:55,24.1875,24.7,16.7,400,44,44,-3.8132
2022-01-05 23:55,24.1875,24.7,16.7,400,44,54,0.56425
2022-01-05 23:56,24.1875,24.7,16.7,400,44,53,0.5659
2022-01-05 23:56,24.1875,24.7,16.7,402,44,54,0.55435
2022-01-05 23:56,24.1875,24.7,16.7,402,44,53,0.57085
2022-01-05 23:56,24.1875,24.7,16.7,400,44,51,-2.35955
2022-01-05 23:56,24.1875,24.7,16.7,400,44,45,-1.1237
2022-01-05 23:56,24.125,24.7,16.7,400,44,53,-1.1996
2022-01-05 23:56,24.1875,24.7,16.7,402,44,54,0.5626
2022-01-05 23:56,24.125,24.7,16.7,402,44,45,-1.10885
2022-01-05 23:56,24.125,24.7,16.7,403,44,51,0.56425
2022-01-05 23:56,24.125,24.7,16.7,403,44,45,-1.1171
2022-01-05 23:56,24.125,24.6,16.7,403,44,53,0.56425
2022-01-05 23:56,24.125,24.7,16.7,403,44,45,-1.12535
2022-01-05 23:56,24.125,24.7,16.7,403,44,54,0.57415
2022-01-05 23:56,24.125,24.7,16.7,401,44,45,-1.11875
2022-01-05 23:56,24.125,24.7,16.7,401,44,54,0.57415
2022-01-05 23:56,24.125,24.7,16.7,401,44,52,0.5593
2022-01-05 23:56,24.125,24.7,16.6,400,44,54,-0.3449
2022-01-05 23:56,24.125,24.7,16.6,400,44,45,-1.11215
2022-01-05 23:56,24.0625,24.7,16.6,401,44,53,-1.32665
2022-01-05 23:56,24.125,24.7,16.6,401,44,53,0.5791
2022-01-05 23:56,24.0625,24.7,16.6,401,44,45,-1.1072
2022-01-05 23:56,24.0625,24.7,16.7,400,44,53,0.57415
2022-01-05 23:56,24.0625,24.7,16.7,400,44,45,-1.1138
2022-01-05 23:56,24.0625,24.7,16.7,400,44,45,-1.1171
2022-01-05 23:56,24.0625,24.7,16.7,400,44,45,-1.14185
2022-01-05 23:56,24.0625,24.7,16.7,400,44,53,0.5362
2022-01-05 23:56,24.0625,24.7,16.7,403,44,45,-1.13525
2022-01-05 23:56,24.0625,24.7,16.7,403,44,53,0.54115
2022-01-05 23:56,24.0625,24.7,16.7,404,44,45,-1.1303
2022-01-05 23:56,24.0625,24.7,16.7,404,44,46,-1.18145
2022-01-05 23:57,24,24.7,16.7,404,44,45,-1.1138
2022-01-05 23:57,24,24.7,16.7,404,44,52,-1.26395
2022-01-05 23:57,24,24.7,16.7,404,44,53,0.5824
2022-01-05 23:57,24.0625,24.7,16.7,403,44,45,-1.11215
2022-01-05 23:57,24,24.7,16.7,403,44,53,0.57415
2022-01-05 23:57,24,24.7,16.7,403,44,45,-1.11545
2022-01-05 23:57,23.9375,24.7,16.7,404,44,53,0.58075
2022-01-05 23:57,24,24.7,16.7,404,44,45,-1.1171
2022-01-05 23:57,24,24.7,16.7,401,44,53,0.57745
2022-01-05 23:57,23.9375,24.7,16.6,401,44,45,-1.1402
2022-01-05 23:57,24,24.7,16.6,401,44,53,0.12205
2022-01-05 23:57,24,24.7,16.6,401,44,45,-1.1138
2022-01-05 23:57,23.9375,24.7,16.6,401,44,53,-1.3217
2022-01-05 23:57,24,24.7,16.6,401,44,45,-1.0808
2022-01-05 23:57,23.9375,24.7,16.7,401,44,45,-1.1138
2022-01-05 23:57,23.9375,24.7,16.7,401,44,45,-1.1633
2022-01-05 23:57,23.9375,24.7,16.7,402,44,45,-1.1402
2022-01-05 23:57,23.9375,24.7,16.7,402,44,45,-1.1171
2022-01-05 23:57,23.9375,24.7,16.7,403,44,45,-1.1204
2022-01-05 23:57,23.9375,24.7,16.7,403,44,52,0.5857
2022-01-05 23:57,23.875,24.7,16.7,403,44,45,-1.13855
2022-01-05 23:57,23.9375,24.7,16.7,402,45,53,0.5824
2022-01-05 23:57,23.875,24.7,16.6,402,45,45,-1.11215
2022-01-05 23:57,23.9375,24.7,16.6,400,44,52,-0.5231
2022-01-05 23:57,23.9375,24.7,16.6,400,44,45,-1.1039
2022-01-05 23:57,23.9375,24.7,16.6,400,44,53,-1.3382
2022-01-05 23:57,23.875,24.7,16.6,404,44,45,-1.0907
2022-01-05 23:57,23.875,24.7,16.7,404,44,45,-1.0907
2022-01-05 23:57,23.9375,24.7,16.6,403,44,45,-1.11215
2022-01-05 23:57,23.9375,24.7,16.7,403,44,45,-1.1006
2022-01-05 23:58,23.875,24.7,16.7,403,44,45,-1.11215
2022-01-05 23:58,23.875,24.7,16.6,403,45,45,-1.10885
